CustomerID,Age,Gender,Location,MembershipLevel,TotalPurchases,TotalSpent,FavoriteCategory,LastPurchaseDate,Occupation,FrequencyOfWebsiteVisits,Churn
1,62 ,Male,New York,Silver,40 ,813 ,Toys,4/19/2023,Doctor,Daily,1
2,65 ,Other,Seattle,Bronze,95 ,2338 ,Electronics,8/29/2023,Other,Daily,0
3,18 ,Female,Los Angeles,Bronze,20 ,1219 ,Sports,2/20/2023,Artist,Daily,0
5,21 ,Other,New York,Gold,66 ,243 ,Books,6/18/2023,Teacher,Monthly,0
6,57 ,Female,New York,Silver,44 ,1485 ,Home Goods,11/14/2023,Retired,Daily,0
8,37 ,Male,Seattle,Platinum,79 ,1681 ,Clothing,5/31/2023,Student,Rarely,0
12,41 ,Male,Houston,Bronze,51 ,257 ,Clothing,2/22/2023,Artist,Weekly,0
14,42 ,Other,Chicago,Bronze,91 ,699 ,Sports,7/18/2023,Salesperson,Daily,0
15,42 ,Male,New York,Bronze,12 ,1916 ,Clothing,8/23/2023,Salesperson,Weekly,0
16,30 ,Female,New York,Gold,12 ,187 ,Books,2/8/2023,Retired,Daily,0
17,19 ,Other,Miami,Platinum,37 ,118 ,Books,5/25/2023,Retired,Rarely,1
19,57 ,Female,Seattle,Silver,77 ,490 ,Books,4/22/2023,Engineer,Monthly,0
21,64 ,Male,New York,Gold,96 ,442 ,Sports,9/9/2023,Retired,Rarely,0
22,42 ,Female,Chicago,Silver,75 ,238 ,Books,9/28/2023,Teacher,Daily,0
23,35 ,Male,Seattle,Silver,49 ,1837 ,Home Goods,8/20/2023,Teacher,Daily,0
24,55 ,Male,Miami,Platinum,75 ,4700 ,Electronics,5/8/2023,Teacher,Weekly,0
25,43 ,Other,Los Angeles,Bronze,12 ,688 ,Home Goods,1/16/2023,Teacher,Weekly,0
26,31 ,Male,Seattle,Platinum,94 ,1404 ,Home Goods,5/23/2023,Salesperson,Monthly,1
27,26 ,Male,Houston,Platinum,35 ,665 ,Sports,9/4/2023,Salesperson,Daily,0
29,38 ,Female,Seattle,Gold,77 ,1042 ,Sports,3/26/2023,Engineer,Rarely,0
30,69 ,Female,Seattle,Platinum,40 ,2921 ,Home Goods,4/16/2023,Artist,Daily,0
32,69 ,Female,New York,Bronze,3 ,62 ,Books,2/22/2023,Doctor,Rarely,1
33,23 ,Female,Los Angeles,Gold,76 ,251 ,Books,7/23/2023,Other,Weekly,1
34,33 ,Other,Miami,Gold,47 ,530 ,Clothing,9/10/2023,Other,Weekly,0
37,36 ,Male,Miami,Platinum,92 ,745 ,Toys,9/2/2023,Salesperson,Weekly,0
39,42 ,Male,New York,Silver,17 ,446 ,Home Goods,8/7/2023,Other,Weekly,1
40,67 ,Other,Chicago,Silver,64 ,341 ,Books,8/8/2023,Engineer,Daily,0
41,69 ,Male,Houston,Gold,65 ,134 ,Clothing,9/16/2023,Retired,Daily,1
43,37 ,Female,Seattle,Platinum,39 ,2905 ,Home Goods,3/8/2023,Teacher,Daily,1
44,37 ,Other,Houston,Bronze,5 ,221 ,Books,1/24/2023,Engineer,Weekly,1
45,32 ,Female,Seattle,Platinum,4 ,290 ,Books,8/26/2023,Student,Rarely,0
46,57 ,Female,Miami,Platinum,20 ,539 ,Sports,1/29/2023,Other,Weekly,0
47,50 ,Female,Los Angeles,Platinum,82 ,109 ,Sports,9/7/2023,Artist,Monthly,0
51,49 ,Male,Miami,Platinum,12 ,935 ,Sports,2/6/2023,Engineer,Daily,1
53,41 ,Other,Chicago,Bronze,61 ,353 ,Books,1/25/2023,Retired,Weekly,1
55,29 ,Other,Los Angeles,Bronze,3 ,188 ,Sports,12/30/2023,Engineer,Monthly,0
56,68 ,Other,Seattle,Bronze,9 ,2350 ,Electronics,11/29/2023,Artist,Rarely,1
58,52 ,Other,Miami,Bronze,90 ,798 ,Toys,12/8/2023,Retired,Monthly,0
60,18 ,Male,Miami,Silver,53 ,3574 ,Electronics,3/5/2023,Doctor,Rarely,1
62,23 ,Female,Chicago,Gold,89 ,890 ,Sports,12/30/2023,Artist,Weekly,1
64,58 ,Female,Chicago,Gold,22 ,901 ,Toys,10/15/2023,Doctor,Weekly,0
65,35 ,Other,Los Angeles,Platinum,5 ,299 ,Toys,4/25/2023,Other,Weekly,0
67,22 ,Female,New York,Silver,76 ,1158 ,Clothing,1/7/2023,Engineer,Weekly,0
69,,Female,Los Angeles,Gold,,,,9/30/2023,Engineer,Weekly,0
70,49 ,Female,Los Angeles,Gold,23 ,3767 ,Electronics,10/14/2023,Salesperson,Weekly,0
71,19 ,Female,Los Angeles,Silver,43 ,100 ,Clothing,10/12/2023,Engineer,Daily,0
72,19 ,Other,Seattle,Gold,60 ,205 ,Books,5/8/2023,Artist,Weekly,1
73,,Male,Los Angeles,Silver,,,,6/10/2023,Engineer,Monthly,1
75,53 ,Female,Seattle,Bronze,74 ,926 ,Home Goods,2/8/2023,Salesperson,Daily,0
78,64 ,Other,Chicago,Platinum,24 ,724 ,Sports,3/25/2023,Salesperson,Weekly,0
80,45 ,Female,Chicago,Platinum,26 ,2404 ,Home Goods,3/6/2023,Teacher,Daily,0
83,53 ,Other,Chicago,Bronze,90 ,109 ,Books,6/20/2023,Artist,Weekly,0
85,60 ,Other,Los Angeles,Gold,89 ,1512 ,Clothing,5/13/2023,Teacher,Rarely,0
87,29 ,Other,Miami,Silver,60 ,1251 ,Sports,1/15/2023,Salesperson,Weekly,0
90,22 ,Other,Houston,Silver,44 ,2474 ,Home Goods,7/31/2023,Salesperson,Monthly,0
93,30 ,Other,Houston,Gold,15 ,152 ,Books,1/9/2023,Doctor,Weekly,0
94,54 ,Other,Houston,Silver,72 ,397 ,Books,3/24/2023,Artist,Monthly,1
96,32 ,Male,Chicago,Bronze,62 ,542 ,Sports,5/16/2023,Retired,Weekly,1
97,33 ,Female,New York,Bronze,2 ,1054 ,Clothing,12/29/2023,Artist,Monthly,1
98,38 ,Male,Houston,Platinum,48 ,345 ,Sports,12/16/2023,Engineer,Daily,1
101,33 ,Male,Miami,Gold,16 ,836 ,Home Goods,2/16/2023,Other,Monthly,1
104,66 ,Other,Los Angeles,Platinum,86 ,758 ,Sports,5/12/2023,Retired,Weekly,0
106,23 ,Female,Houston,Gold,95 ,355 ,Books,3/8/2023,Doctor,Daily,0
107,59 ,Female,Chicago,Platinum,87 ,319 ,Toys,6/2/2023,Teacher,Rarely,0
110,49 ,Other,Houston,Bronze,59 ,204 ,Clothing,9/17/2023,Artist,Weekly,1
111,23 ,Female,Seattle,Bronze,13 ,1505 ,Electronics,3/13/2023,Other,Monthly,0
113,18 ,Male,Houston,Bronze,44 ,554 ,Home Goods,3/13/2023,Salesperson,Monthly,1
114,67 ,Female,Los Angeles,Silver,55 ,1497 ,Home Goods,1/11/2023,Teacher,Monthly,1
115,68 ,Female,Houston,Bronze,48 ,248 ,Books,4/20/2023,Teacher,Rarely,0
117,52 ,Other,Miami,Silver,32 ,2826 ,Home Goods,4/23/2023,Engineer,Monthly,1
118,66 ,Male,Houston,Platinum,35 ,253 ,Toys,1/6/2023,Engineer,Weekly,1
119,47 ,Other,Houston,Platinum,99 ,1170 ,Sports,10/24/2023,Retired,Rarely,0
122,60 ,Male,Seattle,Bronze,63 ,771 ,Toys,3/16/2023,Artist,Weekly,0
123,31 ,Female,Miami,Platinum,37 ,1291 ,Clothing,5/16/2023,Other,Weekly,0
124,66 ,Other,New York,Gold,84 ,561 ,Toys,10/13/2023,Other,Weekly,1
125,57 ,Male,Seattle,Gold,45 ,977 ,Home Goods,12/23/2023,Retired,Monthly,1
128,18 ,Other,New York,Silver,7 ,326 ,Books,11/16/2023,Teacher,Weekly,1
129,28 ,Female,Chicago,Silver,49 ,668 ,Toys,5/4/2023,Doctor,Rarely,1
130,68 ,Male,Houston,Bronze,10 ,372 ,Books,10/25/2023,Retired,Daily,0
131,61 ,Male,Miami,Bronze,29 ,1576 ,Electronics,1/30/2023,Retired,Weekly,1
133,20 ,Male,Houston,Gold,57 ,901 ,Toys,2/19/2023,Retired,Monthly,0
137,21 ,Other,New York,Bronze,10 ,643 ,Clothing,2/6/2023,Other,Daily,0
138,36 ,Male,Seattle,Silver,37 ,146 ,Toys,5/28/2023,Engineer,Daily,1
139,64 ,Other,Miami,Bronze,29 ,3371 ,Electronics,12/19/2023,Salesperson,Daily,1
142,,Female,Los Angeles,Silver,,,,6/4/2023,Other,Daily,1
144,45 ,Female,Houston,Bronze,38 ,780 ,Toys,11/9/2023,Artist,Weekly,1
145,32 ,Male,Los Angeles,Silver,72 ,2774 ,Electronics,10/12/2023,Engineer,Daily,1
146,59 ,Other,Houston,Bronze,88 ,1167 ,Clothing,9/19/2023,Teacher,Rarely,0
147,19 ,Male,Chicago,Platinum,95 ,780 ,Sports,3/27/2023,Teacher,Rarely,1
148,54 ,Other,Seattle,Gold,82 ,788 ,Electronics,10/18/2023,Teacher,Daily,1
150,40 ,Male,Los Angeles,Bronze,99 ,259 ,Books,8/26/2023,Doctor,Monthly,1
151,61 ,Other,New York,Bronze,81 ,254 ,Books,9/28/2023,Student,Rarely,1
152,58 ,Male,Los Angeles,Platinum,83 ,217 ,Sports,8/23/2023,Doctor,Daily,1
153,,Other,New York,Bronze,,,,1/31/2023,Engineer,Daily,0
154,20 ,Male,Los Angeles,Gold,62 ,1884 ,Clothing,10/11/2023,Artist,Daily,0
156,34 ,Other,Miami,Platinum,29 ,2839 ,Home Goods,6/14/2023,Retired,Rarely,1
158,,Male,New York,Bronze,,,,4/3/2023,Student,Rarely,1
161,64 ,Female,Houston,Silver,47 ,832 ,Sports,8/4/2023,Engineer,Weekly,1
162,60 ,Female,Chicago,Gold,70 ,1032 ,Clothing,9/27/2023,Engineer,Rarely,0
163,69 ,Female,New York,Gold,29 ,1284 ,Home Goods,4/20/2023,Other,Rarely,0
165,31 ,Other,New York,Bronze,84 ,1221 ,Electronics,11/7/2023,Teacher,Daily,0
167,42 ,Female,Houston,Bronze,75 ,652 ,Sports,11/25/2023,Doctor,Monthly,0
169,21 ,Female,Los Angeles,Silver,10 ,310 ,Books,4/14/2023,Student,Rarely,1
171,52 ,Male,Seattle,Platinum,76 ,197 ,Clothing,3/15/2023,Salesperson,Daily,0
172,61 ,Other,Chicago,Silver,97 ,136 ,Books,2/19/2023,Salesperson,Daily,0
173,31 ,Female,Miami,Bronze,39 ,425 ,Home Goods,10/1/2023,Other,Rarely,1
174,66 ,Female,Los Angeles,Gold,32 ,2914 ,Electronics,11/2/2023,Salesperson,Rarely,0
175,,Female,New York,Silver,,,,3/31/2023,Teacher,Daily,0
176,26 ,Female,Seattle,Silver,92 ,260 ,Toys,9/7/2023,Artist,Daily,1
177,37 ,Other,Houston,Bronze,58 ,2199 ,Electronics,4/26/2023,Artist,Monthly,0
179,26 ,Female,New York,Gold,98 ,1720 ,Clothing,12/13/2023,Student,Monthly,1
180,44 ,Other,Los Angeles,Platinum,62 ,1001 ,Sports,9/27/2023,Other,Daily,1
183,62 ,Female,Houston,Gold,24 ,153 ,Books,1/22/2023,Other,Weekly,0
184,32 ,Other,Houston,Bronze,53 ,3580 ,Electronics,12/20/2023,Engineer,Daily,0
185,50 ,Male,Chicago,Bronze,24 ,171 ,Books,9/15/2023,Doctor,Rarely,1
186,22 ,Other,Chicago,Silver,73 ,1250 ,Home Goods,6/21/2023,Student,Weekly,1
188,63 ,Other,Miami,Gold,61 ,295 ,Home Goods,11/23/2023,Artist,Weekly,1
193,29 ,Female,New York,Gold,95 ,1476 ,Home Goods,9/26/2023,Doctor,Weekly,1
194,34 ,Other,Miami,Gold,43 ,899 ,Sports,2/22/2023,Artist,Daily,1
197,39 ,Female,Miami,Platinum,7 ,751 ,Sports,11/17/2023,Engineer,Rarely,0
198,64 ,Female,Miami,Bronze,94 ,1459 ,Clothing,11/13/2023,Engineer,Rarely,1
200,34 ,Other,Seattle,Bronze,32 ,632 ,Electronics,8/22/2023,Artist,Weekly,1
204,50 ,Male,Houston,Gold,27 ,488 ,Books,12/15/2023,Other,Monthly,1
207,39 ,Other,Chicago,Silver,82 ,1992 ,Home Goods,12/25/2023,Artist,Weekly,0
208,49 ,Male,Miami,Platinum,56 ,460 ,Sports,11/1/2023,Doctor,Weekly,0
210,25 ,Male,Los Angeles,Gold,68 ,2647 ,Electronics,2/7/2023,Salesperson,Weekly,1
211,42 ,Male,Los Angeles,Bronze,21 ,399 ,Books,8/31/2023,Artist,Weekly,0
213,59 ,Female,Los Angeles,Platinum,93 ,927 ,Home Goods,3/19/2023,Teacher,Weekly,1
214,36 ,Male,New York,Platinum,15 ,893 ,Sports,10/4/2023,Student,Rarely,1
215,58 ,Female,Los Angeles,Gold,15 ,262 ,Books,10/30/2023,Doctor,Rarely,1
218,56 ,Other,Chicago,Silver,44 ,378 ,Books,1/23/2023,Student,Daily,0
219,65 ,Female,Los Angeles,Bronze,28 ,88 ,Books,3/28/2023,Engineer,Monthly,0
220,,Female,Miami,Silver,,,,8/18/2023,Student,Daily,0
222,49 ,Male,Miami,Bronze,24 ,506 ,Home Goods,6/12/2023,Student,Daily,1
223,62 ,Male,Chicago,Silver,35 ,3561 ,Electronics,3/3/2023,Student,Rarely,1
225,42 ,Female,New York,Platinum,66 ,1299 ,Home Goods,8/2/2023,Doctor,Monthly,1
226,21 ,Female,Seattle,Silver,23 ,2496 ,Electronics,6/26/2023,Artist,Weekly,0
230,60 ,Other,Chicago,Bronze,46 ,863 ,Sports,5/26/2023,Doctor,Rarely,0
231,30 ,Male,Miami,Bronze,40 ,3889 ,Electronics,2/22/2023,Retired,Rarely,0
233,53 ,Male,Los Angeles,Platinum,87 ,624 ,Toys,5/22/2023,Teacher,Rarely,0
234,40 ,Female,Los Angeles,Gold,18 ,2468 ,Home Goods,1/18/2023,Salesperson,Monthly,1
236,41 ,Other,Houston,Gold,91 ,1147 ,Sports,1/22/2023,Doctor,Weekly,0
238,50 ,Female,Chicago,Gold,6 ,1741 ,Home Goods,4/20/2023,Salesperson,Rarely,1
239,29 ,Other,Miami,Platinum,98 ,268 ,Toys,5/10/2023,Other,Weekly,1
241,38 ,Male,Houston,Gold,83 ,1704 ,Home Goods,8/31/2023,Teacher,Rarely,0
244,55 ,Other,Houston,Gold,30 ,846 ,Clothing,6/9/2023,Other,Daily,1
246,65 ,Male,Chicago,Silver,31 ,304 ,Clothing,4/13/2023,Salesperson,Rarely,0
247,58 ,Male,Seattle,Gold,72 ,1511 ,Home Goods,9/8/2023,Teacher,Rarely,1
248,,Female,Miami,Gold,,,,4/25/2023,Retired,Weekly,0
250,37 ,Female,Miami,Platinum,43 ,1599 ,Clothing,11/21/2023,Engineer,Daily,1
252,41 ,Female,New York,Platinum,72 ,293 ,Toys,2/24/2023,Teacher,Rarely,1
253,69 ,Other,New York,Gold,26 ,2120 ,Electronics,1/22/2023,Doctor,Monthly,0
254,64 ,Female,Los Angeles,Gold,55 ,1303 ,Sports,5/30/2023,Artist,Weekly,1
255,38 ,Other,New York,Platinum,84 ,173 ,Sports,11/10/2023,Teacher,Rarely,0
257,21 ,Other,Seattle,Platinum,46 ,3888 ,Electronics,8/9/2023,Other,Daily,0
258,53 ,Female,Chicago,Silver,4 ,666 ,Toys,10/31/2023,Engineer,Daily,0
262,59 ,Female,Los Angeles,Bronze,34 ,253 ,Clothing,8/16/2023,Student,Rarely,0
264,21 ,Male,Los Angeles,Platinum,90 ,3447 ,Electronics,5/26/2023,Doctor,Monthly,0
266,44 ,Other,Houston,Gold,61 ,1882 ,Clothing,3/28/2023,Salesperson,Weekly,1
267,68 ,Male,New York,Gold,38 ,256 ,Books,9/19/2023,Salesperson,Weekly,0
270,49 ,Male,Seattle,Gold,17 ,315 ,Clothing,11/18/2023,Salesperson,Daily,1
272,28 ,Other,Miami,Gold,40 ,471 ,Home Goods,8/24/2023,Student,Rarely,0
273,45 ,Female,New York,Platinum,34 ,922 ,Sports,5/14/2023,Engineer,Rarely,0
274,63 ,Other,Los Angeles,Silver,98 ,562 ,Toys,8/23/2023,Artist,Monthly,1
277,39 ,Female,Houston,Gold,88 ,761 ,Toys,1/20/2023,Student,Daily,1
278,51 ,Female,Houston,Silver,69 ,1461 ,Clothing,11/4/2023,Teacher,Daily,0
279,62 ,Male,Houston,Platinum,25 ,338 ,Books,9/5/2023,Artist,Daily,1
280,52 ,Female,New York,Platinum,7 ,3089 ,Electronics,5/22/2023,Student,Weekly,1
282,42 ,Other,Seattle,Bronze,61 ,2239 ,Electronics,12/10/2023,Doctor,Daily,0
283,51 ,Male,Miami,Platinum,89 ,465 ,Books,12/25/2023,Engineer,Weekly,1
286,54 ,Male,Los Angeles,Bronze,75 ,152 ,Books,3/17/2023,Artist,Rarely,1
288,,Female,New York,Silver,,,,4/6/2023,Student,Weekly,1
290,23 ,Male,Houston,Platinum,4 ,1607 ,Clothing,7/9/2023,Student,Monthly,1
291,34 ,Other,Miami,Silver,83 ,240 ,Books,5/11/2023,Artist,Rarely,0
292,26 ,Female,Miami,Bronze,22 ,4103 ,Electronics,9/16/2023,Retired,Monthly,1
294,35 ,Female,Miami,Gold,85 ,739 ,Toys,10/30/2023,Retired,Daily,0
295,66 ,Other,Houston,Gold,22 ,242 ,Books,1/17/2023,Retired,Weekly,1
296,53 ,Male,Houston,Bronze,28 ,591 ,Sports,4/25/2023,Student,Rarely,0
297,45 ,Other,Seattle,Silver,27 ,435 ,Books,5/17/2023,Artist,Daily,0
298,58 ,Male,New York,Bronze,90 ,868 ,Toys,7/29/2023,Engineer,Rarely,0
301,43 ,Male,Seattle,Gold,54 ,1882 ,Home Goods,3/20/2023,Teacher,Monthly,0
306,48 ,Male,Chicago,Gold,12 ,221 ,Toys,11/12/2023,Doctor,Daily,1
308,67 ,Other,Miami,Gold,55 ,466 ,Books,1/5/2023,Engineer,Rarely,0
309,,Male,Los Angeles,Platinum,,,,1/1/2023,Doctor,Weekly,0
313,38 ,Other,Los Angeles,Silver,79 ,1174 ,Clothing,7/18/2023,Doctor,Monthly,0
314,20 ,Other,Miami,Gold,82 ,1616 ,Home Goods,11/17/2023,Other,Monthly,1
317,30 ,Other,Seattle,Gold,4 ,308 ,Toys,3/11/2023,Artist,Monthly,1
318,62 ,Other,Seattle,Gold,1 ,1622 ,Clothing,3/3/2023,Salesperson,Weekly,0
319,20 ,Other,Houston,Platinum,94 ,228 ,Home Goods,10/23/2023,Salesperson,Rarely,0
320,,Other,New York,Silver,,,,11/12/2023,Retired,Weekly,0
323,57 ,Male,Los Angeles,Platinum,1 ,298 ,Books,7/23/2023,Retired,Weekly,0
325,29 ,Female,Chicago,Gold,30 ,2793 ,Home Goods,10/9/2023,Engineer,Monthly,0
327,48 ,Other,New York,Silver,35 ,3393 ,Electronics,6/26/2023,Student,Monthly,0
328,35 ,Female,Los Angeles,Gold,60 ,1895 ,Electronics,4/27/2023,Teacher,Weekly,0
329,24 ,Male,Miami,Platinum,22 ,544 ,Toys,2/10/2023,Engineer,Monthly,1
333,61 ,Female,Houston,Silver,39 ,1138 ,Electronics,4/30/2023,Artist,Weekly,0
334,37 ,Other,Miami,Silver,80 ,4435 ,Electronics,2/8/2023,Teacher,Weekly,1
335,67 ,Female,Chicago,Platinum,2 ,492 ,Sports,5/28/2023,Other,Weekly,1
338,64 ,Female,Houston,Bronze,18 ,457 ,Toys,5/30/2023,Teacher,Rarely,1
339,39 ,Other,Seattle,Platinum,54 ,70 ,Books,12/13/2023,Doctor,Rarely,0
340,27 ,Other,Houston,Platinum,23 ,4920 ,Electronics,5/12/2023,Teacher,Weekly,0
341,43 ,Other,Miami,Silver,78 ,1294 ,Clothing,9/18/2023,Engineer,Weekly,1
343,50 ,Female,Los Angeles,Gold,67 ,1248 ,Clothing,2/23/2023,Teacher,Rarely,0
344,45 ,Other,Houston,Bronze,12 ,1363 ,Sports,6/11/2023,Student,Weekly,0
345,27 ,Other,Seattle,Bronze,10 ,1402 ,Clothing,7/22/2023,Teacher,Weekly,1
346,46 ,Other,Houston,Gold,41 ,208 ,Books,8/29/2023,Engineer,Rarely,0
347,61 ,Other,Houston,Platinum,55 ,88 ,Toys,11/30/2023,Student,Rarely,0
353,60 ,Male,New York,Bronze,45 ,590 ,Clothing,9/23/2023,Teacher,Weekly,0
354,,Female,Seattle,Silver,,,,11/24/2023,Teacher,Weekly,1
355,48 ,Female,Chicago,Bronze,9 ,3764 ,Electronics,5/30/2023,Other,Rarely,1
357,21 ,Male,Seattle,Silver,19 ,595 ,Toys,2/7/2023,Salesperson,Weekly,0
358,69 ,Male,Los Angeles,Silver,3 ,385 ,Clothing,4/1/2023,Other,Weekly,1
359,26 ,Female,Seattle,Bronze,70 ,441 ,Sports,3/18/2023,Salesperson,Daily,0
361,47 ,Other,Chicago,Platinum,30 ,648 ,Toys,7/31/2023,Salesperson,Weekly,1
362,64 ,Female,New York,Bronze,28 ,141 ,Books,5/27/2023,Salesperson,Weekly,0
363,41 ,Female,Chicago,Gold,18 ,245 ,Books,3/8/2023,Teacher,Weekly,1
365,37 ,Male,New York,Silver,12 ,400 ,Books,11/28/2023,Artist,Rarely,0
366,26 ,Male,Miami,Gold,50 ,203 ,Clothing,1/10/2023,Artist,Monthly,1
367,25 ,Female,Chicago,Gold,73 ,530 ,Clothing,11/26/2023,Teacher,Daily,1
368,41 ,Female,Houston,Bronze,89 ,393 ,Books,10/14/2023,Doctor,Daily,1
370,35 ,Male,Los Angeles,Bronze,12 ,285 ,Books,4/17/2023,Other,Weekly,1
372,29 ,Male,Chicago,Gold,51 ,466 ,Books,4/16/2023,Doctor,Weekly,0
374,54 ,Other,Houston,Silver,58 ,1466 ,Home Goods,3/21/2023,Retired,Weekly,1
375,43 ,Female,Miami,Platinum,4 ,1498 ,Clothing,11/30/2023,Student,Rarely,1
377,60 ,Female,Miami,Gold,40 ,843 ,Toys,8/23/2023,Engineer,Monthly,1
378,32 ,Female,Seattle,Platinum,86 ,941 ,Sports,5/19/2023,Doctor,Rarely,0
379,40 ,Male,Seattle,Gold,30 ,3936 ,Electronics,4/14/2023,Artist,Daily,1
380,46 ,Male,Los Angeles,Silver,54 ,195 ,Books,2/4/2023,Salesperson,Monthly,1
382,36 ,Male,Houston,Bronze,57 ,3567 ,Electronics,8/25/2023,Engineer,Weekly,1
385,53 ,Male,New York,Silver,46 ,724 ,Toys,9/14/2023,Doctor,Daily,0
386,37 ,Female,Los Angeles,Platinum,91 ,2632 ,Electronics,5/20/2023,Salesperson,Monthly,0
388,26 ,Female,Chicago,Silver,98 ,503 ,Toys,10/3/2023,Engineer,Rarely,1
389,31 ,Other,Chicago,Platinum,12 ,326 ,Books,12/8/2023,Student,Weekly,1
390,23 ,Other,New York,Bronze,6 ,824 ,Toys,9/15/2023,Salesperson,Rarely,1
392,26 ,Male,Chicago,Bronze,59 ,306 ,Books,3/4/2023,Student,Weekly,0
395,29 ,Male,Los Angeles,Silver,33 ,1482 ,Sports,4/14/2023,Engineer,Daily,0
398,46 ,Female,Los Angeles,Platinum,61 ,874 ,Sports,3/10/2023,Retired,Daily,0
399,63 ,Male,Miami,Platinum,46 ,271 ,Books,10/10/2023,Engineer,Daily,0
403,67 ,Female,Seattle,Gold,30 ,69 ,Books,7/26/2023,Doctor,Rarely,1
406,53 ,Male,Chicago,Platinum,98 ,117 ,Books,9/14/2023,Retired,Rarely,0
407,59 ,Female,Chicago,Gold,79 ,2383 ,Home Goods,1/16/2023,Teacher,Weekly,1
411,48 ,Male,Houston,Silver,90 ,758 ,Sports,8/18/2023,Artist,Monthly,1
412,61 ,Male,New York,Platinum,33 ,250 ,Sports,7/17/2023,Retired,Daily,0
413,36 ,Female,Houston,Gold,51 ,1693 ,Home Goods,4/16/2023,Teacher,Monthly,0
414,63 ,Male,New York,Platinum,41 ,608 ,Toys,6/25/2023,Doctor,Rarely,1
416,19 ,Male,Houston,Gold,31 ,668 ,Clothing,12/8/2023,Retired,Weekly,0
417,24 ,Male,Seattle,Bronze,23 ,2096 ,Electronics,1/31/2023,Artist,Monthly,1
418,60 ,Female,New York,Platinum,76 ,1734 ,Clothing,1/9/2023,Other,Monthly,1
421,34 ,Female,Houston,Gold,69 ,3119 ,Electronics,9/22/2023,Retired,Monthly,0
424,67 ,Other,Chicago,Platinum,50 ,2625 ,Electronics,2/19/2023,Salesperson,Weekly,0
426,27 ,Female,Seattle,Gold,64 ,1249 ,Clothing,4/2/2023,Doctor,Daily,0
428,31 ,Male,New York,Platinum,92 ,4078 ,Electronics,6/26/2023,Retired,Rarely,1
430,56 ,Other,Miami,Platinum,91 ,263 ,Books,3/13/2023,Doctor,Rarely,0
432,26 ,Female,Seattle,Silver,74 ,1617 ,Clothing,10/3/2023,Doctor,Weekly,0
434,25 ,Other,New York,Platinum,96 ,3056 ,Electronics,5/17/2023,Teacher,Rarely,0
435,34 ,Other,New York,Silver,95 ,135 ,Toys,2/9/2023,Teacher,Weekly,0
437,33 ,Male,Houston,Gold,72 ,141 ,Books,11/30/2023,Retired,Rarely,0
438,43 ,Other,Seattle,Platinum,57 ,1989 ,Home Goods,2/10/2023,Other,Daily,0
439,26 ,Other,New York,Silver,36 ,329 ,Books,5/10/2023,Artist,Weekly,0
441,24 ,Other,Chicago,Gold,93 ,988 ,Home Goods,10/14/2023,Student,Monthly,1
442,35 ,Other,Miami,Platinum,48 ,528 ,Toys,12/3/2023,Retired,Rarely,0
445,43 ,Female,Miami,Platinum,68 ,3257 ,Electronics,12/26/2023,Engineer,Daily,1
446,20 ,Male,Miami,Bronze,72 ,343 ,Books,11/24/2023,Doctor,Rarely,0
448,68 ,Male,Miami,Silver,73 ,4614 ,Electronics,10/21/2023,Teacher,Monthly,0
449,63 ,Female,Miami,Gold,38 ,1096 ,Home Goods,10/27/2023,Artist,Weekly,0
450,41 ,Female,Chicago,Gold,6 ,2740 ,Home Goods,6/14/2023,Salesperson,Monthly,0
451,42 ,Female,New York,Platinum,98 ,3721 ,Electronics,6/10/2023,Engineer,Daily,0
452,22 ,Male,Miami,Silver,56 ,836 ,Toys,11/26/2023,Student,Weekly,0
455,67 ,Female,New York,Silver,39 ,830 ,Toys,9/5/2023,Engineer,Monthly,1
456,41 ,Male,New York,Bronze,50 ,4412 ,Electronics,2/9/2023,Salesperson,Daily,1
457,48 ,Male,Miami,Silver,9 ,430 ,Books,9/17/2023,Retired,Daily,0
458,43 ,Female,Miami,Gold,66 ,3248 ,Electronics,2/28/2023,Other,Monthly,0
459,38 ,Female,Houston,Platinum,67 ,4695 ,Electronics,5/10/2023,Artist,Daily,1
460,51 ,Female,Chicago,Platinum,63 ,3453 ,Electronics,1/4/2023,Artist,Weekly,0
462,41 ,Male,Seattle,Bronze,62 ,1360 ,Sports,4/21/2023,Teacher,Monthly,0
464,47 ,Male,Los Angeles,Platinum,12 ,369 ,Books,5/21/2023,Retired,Daily,1
466,69 ,Other,Seattle,Bronze,11 ,3444 ,Electronics,11/3/2023,Teacher,Daily,0
467,69 ,Other,New York,Silver,21 ,479 ,Books,9/14/2023,Engineer,Weekly,0
468,40 ,Male,Seattle,Silver,15 ,992 ,Clothing,2/24/2023,Salesperson,Rarely,1
469,25 ,Male,Los Angeles,Silver,53 ,2046 ,Home Goods,2/24/2023,Retired,Monthly,0
470,59 ,Other,Los Angeles,Silver,72 ,270 ,Books,4/22/2023,Salesperson,Rarely,1
471,67 ,Other,Los Angeles,Bronze,30 ,856 ,Toys,12/10/2023,Retired,Weekly,1
473,18 ,Male,Miami,Silver,15 ,1157 ,Sports,7/7/2023,Student,Rarely,1
475,54 ,Other,Los Angeles,Bronze,52 ,155 ,Books,9/27/2023,Teacher,Monthly,0
476,35 ,Female,Miami,Gold,33 ,680 ,Toys,1/31/2023,Engineer,Monthly,0
477,38 ,Female,Seattle,Bronze,24 ,4978 ,Electronics,12/8/2023,Artist,Weekly,0
478,66 ,Male,New York,Bronze,92 ,1038 ,Electronics,3/23/2023,Salesperson,Monthly,0
480,60 ,Female,Chicago,Platinum,74 ,2566 ,Electronics,1/25/2023,Student,Weekly,1
484,,Female,Houston,Bronze,,,,6/2/2023,Other,Weekly,0
486,66 ,Other,Seattle,Bronze,61 ,653 ,Clothing,1/6/2023,Retired,Weekly,1
487,65 ,Other,Los Angeles,Gold,37 ,1399 ,Sports,8/29/2023,Salesperson,Weekly,0
489,63 ,Other,Los Angeles,Platinum,36 ,348 ,Toys,2/8/2023,Salesperson,Rarely,0
490,58 ,Male,Los Angeles,Silver,63 ,99 ,Books,11/12/2023,Artist,Weekly,1
493,61 ,Male,Seattle,Silver,59 ,1845 ,Clothing,8/17/2023,Engineer,Daily,0
498,45 ,Other,Houston,Gold,85 ,186 ,Clothing,6/9/2023,Engineer,Weekly,1
500,53 ,Female,Chicago,Gold,91 ,954 ,Home Goods,2/11/2023,Engineer,Monthly,1
501,62 ,Male,New York,Silver,40 ,813 ,Toys,4/19/2023,Doctor,Daily,1
502,65 ,Other,Seattle,Bronze,95 ,2338 ,Electronics,8/29/2023,Other,Daily,0
503,18 ,Female,Los Angeles,Bronze,20 ,1219 ,Sports,2/20/2023,Artist,Daily,0
505,21 ,Other,New York,Gold,66 ,243 ,Books,6/18/2023,Teacher,Monthly,0
506,57 ,Female,New York,Silver,44 ,1485 ,Home Goods,11/14/2023,Retired,Daily,0
507,27 ,Male,Houston,Platinum,83 ,767 ,Sports,6/26/2023,Artist,Daily,0
508,37 ,Male,Seattle,Platinum,79 ,1681 ,Clothing,5/31/2023,Student,Rarely,0
509,39 ,Other,Houston,Bronze,90 ,4864 ,Electronics,9/28/2023,Retired,Monthly,1
511,54 ,Female,Houston,Gold,73 ,2705 ,Electronics,12/8/2023,Salesperson,Weekly,1
512,41 ,Male,Houston,Bronze,51 ,257 ,Clothing,2/22/2023,Artist,Weekly,0
514,42 ,Other,Chicago,Bronze,91 ,699 ,Sports,7/18/2023,Salesperson,Daily,0
515,42 ,Male,New York,Bronze,12 ,1916 ,Clothing,8/23/2023,Salesperson,Weekly,0
516,30 ,Female,New York,Gold,12 ,187 ,Books,2/8/2023,Retired,Daily,0
518,56 ,Other,Chicago,Silver,50 ,1645 ,Home Goods,8/15/2023,Doctor,Rarely,0
519,57 ,Female,Seattle,Silver,77 ,490 ,Books,4/22/2023,Engineer,Monthly,0
520,,Male,Chicago,Bronze,,,,7/4/2023,Teacher,Daily,1
523,35 ,Male,Seattle,Silver,49 ,1837 ,Home Goods,8/20/2023,Teacher,Daily,0
524,55 ,Male,Miami,Platinum,75 ,4700 ,Electronics,5/8/2023,Teacher,Weekly,0
525,43 ,Other,Los Angeles,Bronze,12 ,688 ,Home Goods,1/16/2023,Teacher,Weekly,0
527,26 ,Male,Houston,Platinum,35 ,665 ,Sports,9/4/2023,Salesperson,Daily,0
531,34 ,Female,Houston,Silver,11 ,2901 ,Home Goods,8/21/2023,Retired,Monthly,1
533,23 ,Female,Los Angeles,Gold,76 ,251 ,Books,7/23/2023,Other,Weekly,1
534,33 ,Other,Miami,Gold,47 ,530 ,Clothing,9/10/2023,Other,Weekly,0
540,67 ,Other,Chicago,Silver,64 ,341 ,Books,8/8/2023,Engineer,Daily,0
541,69 ,Male,Houston,Gold,65 ,134 ,Clothing,9/16/2023,Retired,Daily,1
543,37 ,Female,Seattle,Platinum,39 ,2905 ,Home Goods,3/8/2023,Teacher,Daily,1
544,37 ,Other,Houston,Bronze,5 ,221 ,Books,1/24/2023,Engineer,Weekly,1
545,32 ,Female,Seattle,Platinum,4 ,290 ,Books,8/26/2023,Student,Rarely,0
546,57 ,Female,Miami,Platinum,20 ,539 ,Sports,1/29/2023,Other,Weekly,0
549,27 ,Male,Chicago,Bronze,72 ,861 ,Clothing,3/7/2023,Artist,Weekly,1
550,50 ,Other,Seattle,Silver,25 ,194 ,Books,3/10/2023,Student,Weekly,1
551,49 ,Male,Miami,Platinum,12 ,935 ,Sports,2/6/2023,Engineer,Daily,1
552,28 ,Male,Chicago,Silver,23 ,781 ,Sports,12/4/2023,Engineer,Weekly,1
553,41 ,Other,Chicago,Bronze,61 ,353 ,Books,1/25/2023,Retired,Weekly,1
555,29 ,Other,Los Angeles,Bronze,3 ,188 ,Sports,12/30/2023,Engineer,Monthly,0
556,68 ,Other,Seattle,Bronze,9 ,2350 ,Electronics,11/29/2023,Artist,Rarely,1
558,52 ,Other,Miami,Bronze,90 ,798 ,Toys,12/8/2023,Retired,Monthly,0
561,54 ,Other,Miami,Platinum,98 ,4334 ,Electronics,10/20/2023,Engineer,Monthly,0
563,56 ,Male,Houston,Silver,64 ,96 ,Books,9/20/2023,Retired,Rarely,0
565,35 ,Other,Los Angeles,Platinum,5 ,299 ,Toys,4/25/2023,Other,Weekly,0
566,33 ,Female,Houston,Silver,32 ,68 ,Toys,8/28/2023,Artist,Monthly,0
567,22 ,Female,New York,Silver,76 ,1158 ,Clothing,1/7/2023,Engineer,Weekly,0
568,59 ,Male,Houston,Bronze,38 ,1319 ,Home Goods,6/28/2023,Student,Monthly,0
569,,Female,Los Angeles,Gold,,,,9/30/2023,Engineer,Weekly,0
570,49 ,Female,Los Angeles,Gold,23 ,3767 ,Electronics,10/14/2023,Salesperson,Weekly,0
571,19 ,Female,Los Angeles,Silver,43 ,100 ,Clothing,10/12/2023,Engineer,Daily,0
577,29 ,Female,New York,Gold,83 ,511 ,Electronics,9/16/2023,Engineer,Rarely,0
579,36 ,Male,Houston,Bronze,84 ,778 ,Toys,11/29/2023,Student,Monthly,0
581,18 ,Other,Chicago,Silver,58 ,396 ,Clothing,5/31/2023,Retired,Weekly,1
583,53 ,Other,Chicago,Bronze,90 ,109 ,Books,6/20/2023,Artist,Weekly,0
584,30 ,Female,Seattle,Silver,46 ,316 ,Books,1/5/2023,Artist,Daily,1
586,38 ,Female,Houston,Silver,52 ,465 ,Sports,7/17/2023,Engineer,Monthly,1
587,29 ,Other,Miami,Silver,60 ,1251 ,Sports,1/15/2023,Salesperson,Weekly,0
589,24 ,Other,Los Angeles,Silver,27 ,314 ,Toys,11/3/2023,Teacher,Weekly,0
591,65 ,Male,Seattle,Gold,33 ,1104 ,Sports,10/18/2023,Salesperson,Monthly,0
592,21 ,Other,Los Angeles,Bronze,31 ,296 ,Books,1/4/2023,Teacher,Weekly,1
595,58 ,Other,Seattle,Bronze,97 ,802 ,Toys,3/10/2023,Retired,Weekly,1
596,32 ,Male,Chicago,Bronze,62 ,542 ,Sports,5/16/2023,Retired,Weekly,1
601,33 ,Male,Miami,Gold,16 ,836 ,Home Goods,2/16/2023,Other,Monthly,1
602,31 ,Other,Seattle,Silver,69 ,380 ,Toys,6/23/2023,Retired,Weekly,0
604,66 ,Other,Los Angeles,Platinum,86 ,758 ,Sports,5/12/2023,Retired,Weekly,0
605,67 ,Other,Seattle,Platinum,40 ,1696 ,Home Goods,7/18/2023,Artist,Weekly,1
606,23 ,Female,Houston,Gold,95 ,355 ,Books,3/8/2023,Doctor,Daily,0
607,59 ,Female,Chicago,Platinum,87 ,319 ,Toys,6/2/2023,Teacher,Rarely,0
610,49 ,Other,Houston,Bronze,59 ,204 ,Clothing,9/17/2023,Artist,Weekly,1
611,23 ,Female,Seattle,Bronze,13 ,1505 ,Electronics,3/13/2023,Other,Monthly,0
612,48 ,Other,Seattle,Silver,92 ,3633 ,Electronics,11/19/2023,Retired,Daily,1
616,54 ,Other,New York,Platinum,23 ,4108 ,Electronics,7/11/2023,Student,Rarely,0
618,66 ,Male,Houston,Platinum,35 ,253 ,Toys,1/6/2023,Engineer,Weekly,1
619,47 ,Other,Houston,Platinum,99 ,1170 ,Sports,10/24/2023,Retired,Rarely,0
620,,Female,Los Angeles,Silver,,,,10/12/2023,Doctor,Daily,0
622,60 ,Male,Seattle,Bronze,63 ,771 ,Toys,3/16/2023,Artist,Weekly,0
625,57 ,Male,Seattle,Gold,45 ,977 ,Home Goods,12/23/2023,Retired,Monthly,1
627,27 ,Female,Los Angeles,Platinum,71 ,332 ,Books,2/17/2023,Retired,Rarely,0
628,18 ,Other,New York,Silver,7 ,326 ,Books,11/16/2023,Teacher,Weekly,1
631,61 ,Male,Miami,Bronze,29 ,1576 ,Electronics,1/30/2023,Retired,Weekly,1
634,52 ,Other,Los Angeles,Bronze,10 ,497 ,Books,7/8/2023,Artist,Rarely,1
638,36 ,Male,Seattle,Silver,37 ,146 ,Toys,5/28/2023,Engineer,Daily,1
642,,Female,Los Angeles,Silver,,,,6/4/2023,Other,Daily,1
643,68 ,Male,Miami,Silver,3 ,921 ,Clothing,2/26/2023,Artist,Monthly,1
646,59 ,Other,Houston,Bronze,88 ,1167 ,Clothing,9/19/2023,Teacher,Rarely,0
647,19 ,Male,Chicago,Platinum,95 ,780 ,Sports,3/27/2023,Teacher,Rarely,1
649,28 ,Female,Chicago,Silver,4 ,498 ,Books,4/4/2023,Artist,Monthly,1
652,58 ,Male,Los Angeles,Platinum,83 ,217 ,Sports,8/23/2023,Doctor,Daily,1
653,,Other,New York,Bronze,,,,1/31/2023,Engineer,Daily,0
656,34 ,Other,Miami,Platinum,29 ,2839 ,Home Goods,6/14/2023,Retired,Rarely,1
657,50 ,Male,New York,Bronze,36 ,2087 ,Electronics,6/16/2023,Engineer,Weekly,0
658,,Male,New York,Bronze,,,,4/3/2023,Student,Rarely,1
659,56 ,Other,Seattle,Bronze,27 ,1972 ,Electronics,4/24/2023,Doctor,Rarely,1
663,69 ,Female,New York,Gold,29 ,1284 ,Home Goods,4/20/2023,Other,Rarely,0
666,48 ,Female,Seattle,Silver,63 ,1277 ,Clothing,5/7/2023,Doctor,Daily,0
667,42 ,Female,Houston,Bronze,75 ,652 ,Sports,11/25/2023,Doctor,Monthly,0
668,20 ,Female,Houston,Gold,75 ,1021 ,Sports,2/28/2023,Student,Weekly,0
669,21 ,Female,Los Angeles,Silver,10 ,310 ,Books,4/14/2023,Student,Rarely,1
671,52 ,Male,Seattle,Platinum,76 ,197 ,Clothing,3/15/2023,Salesperson,Daily,0
672,61 ,Other,Chicago,Silver,97 ,136 ,Books,2/19/2023,Salesperson,Daily,0
673,31 ,Female,Miami,Bronze,39 ,425 ,Home Goods,10/1/2023,Other,Rarely,1
674,66 ,Female,Los Angeles,Gold,32 ,2914 ,Electronics,11/2/2023,Salesperson,Rarely,0
677,37 ,Other,Houston,Bronze,58 ,2199 ,Electronics,4/26/2023,Artist,Monthly,0
678,49 ,Male,New York,Gold,22 ,802 ,Toys,7/22/2023,Student,Daily,1
679,26 ,Female,New York,Gold,98 ,1720 ,Clothing,12/13/2023,Student,Monthly,1
682,21 ,Female,New York,Silver,42 ,4003 ,Electronics,5/5/2023,Student,Daily,0
685,50 ,Male,Chicago,Bronze,24 ,171 ,Books,9/15/2023,Doctor,Rarely,1
687,,Other,Los Angeles,Silver,,,,7/3/2023,Teacher,Rarely,1
688,63 ,Other,Miami,Gold,61 ,295 ,Home Goods,11/23/2023,Artist,Weekly,1
689,29 ,Other,Houston,Bronze,48 ,662 ,Clothing,10/18/2023,Doctor,Daily,0
690,40 ,Other,New York,Platinum,16 ,279 ,Toys,2/16/2023,Retired,Rarely,0
691,31 ,Male,Los Angeles,Platinum,37 ,69 ,Books,12/13/2023,Salesperson,Rarely,0
692,63 ,Female,Chicago,Platinum,66 ,489 ,Books,5/26/2023,Teacher,Monthly,0
694,34 ,Other,Miami,Gold,43 ,899 ,Sports,2/22/2023,Artist,Daily,1
695,42 ,Other,Seattle,Silver,1 ,1047 ,Sports,10/31/2023,Salesperson,Rarely,0
696,47 ,Other,Chicago,Bronze,84 ,493 ,Home Goods,6/3/2023,Retired,Monthly,1
697,39 ,Female,Miami,Platinum,7 ,751 ,Sports,11/17/2023,Engineer,Rarely,0
700,34 ,Other,Seattle,Bronze,32 ,632 ,Electronics,8/22/2023,Artist,Weekly,1
701,37 ,Other,Houston,Platinum,30 ,292 ,Books,8/28/2023,Teacher,Weekly,1
703,58 ,Other,Seattle,Platinum,68 ,75 ,Books,4/13/2023,Retired,Monthly,0
705,54 ,Female,Seattle,Silver,7 ,3950 ,Electronics,8/4/2023,Retired,Daily,1
707,39 ,Other,Chicago,Silver,82 ,1992 ,Home Goods,12/25/2023,Artist,Weekly,0
710,25 ,Male,Los Angeles,Gold,68 ,2647 ,Electronics,2/7/2023,Salesperson,Weekly,1
711,42 ,Male,Los Angeles,Bronze,21 ,399 ,Books,8/31/2023,Artist,Weekly,0
713,59 ,Female,Los Angeles,Platinum,93 ,927 ,Home Goods,3/19/2023,Teacher,Weekly,1
715,58 ,Female,Los Angeles,Gold,15 ,262 ,Books,10/30/2023,Doctor,Rarely,1
716,33 ,Other,Chicago,Platinum,81 ,941 ,Toys,10/16/2023,Salesperson,Monthly,1
717,29 ,Female,New York,Gold,64 ,628 ,Home Goods,11/5/2023,Other,Rarely,1
718,56 ,Other,Chicago,Silver,44 ,378 ,Books,1/23/2023,Student,Daily,0
721,19 ,Other,New York,Bronze,21 ,281 ,Books,3/2/2023,Retired,Rarely,1
722,49 ,Male,Miami,Bronze,24 ,506 ,Home Goods,6/12/2023,Student,Daily,1
723,62 ,Male,Chicago,Silver,35 ,3561 ,Electronics,3/3/2023,Student,Rarely,1
724,42 ,Female,Chicago,Platinum,33 ,2035 ,Electronics,2/8/2023,Salesperson,Monthly,1
725,42 ,Female,New York,Platinum,66 ,1299 ,Home Goods,8/2/2023,Doctor,Monthly,1
726,21 ,Female,Seattle,Silver,23 ,2496 ,Electronics,6/26/2023,Artist,Weekly,0
727,36 ,Male,Chicago,Gold,22 ,525 ,Home Goods,7/13/2023,Teacher,Rarely,0
728,65 ,Other,Seattle,Bronze,58 ,157 ,Sports,7/2/2023,Engineer,Weekly,1
729,21 ,Other,New York,Bronze,69 ,4362 ,Electronics,8/27/2023,Teacher,Daily,1
732,56 ,Other,Houston,Bronze,25 ,140 ,Books,10/18/2023,Salesperson,Daily,1
733,53 ,Male,Los Angeles,Platinum,87 ,624 ,Toys,5/22/2023,Teacher,Rarely,0
734,40 ,Female,Los Angeles,Gold,18 ,2468 ,Home Goods,1/18/2023,Salesperson,Monthly,1
735,,Other,Houston,Bronze,,,,10/15/2023,Teacher,Daily,1
738,50 ,Female,Chicago,Gold,6 ,1741 ,Home Goods,4/20/2023,Salesperson,Rarely,1
739,29 ,Other,Miami,Platinum,98 ,268 ,Toys,5/10/2023,Other,Weekly,1
740,58 ,Male,Los Angeles,Gold,87 ,229 ,Sports,3/11/2023,Teacher,Monthly,0
741,38 ,Male,Houston,Gold,83 ,1704 ,Home Goods,8/31/2023,Teacher,Rarely,0
742,28 ,Other,Seattle,Silver,11 ,2332 ,Home Goods,6/16/2023,Student,Rarely,1
744,55 ,Other,Houston,Gold,30 ,846 ,Clothing,6/9/2023,Other,Daily,1
745,,Male,Houston,Platinum,,,,12/15/2023,Other,Daily,1
746,65 ,Male,Chicago,Silver,31 ,304 ,Clothing,4/13/2023,Salesperson,Rarely,0
748,,Female,Miami,Gold,,,,4/25/2023,Retired,Weekly,0
750,37 ,Female,Miami,Platinum,43 ,1599 ,Clothing,11/21/2023,Engineer,Daily,1
752,41 ,Female,New York,Platinum,72 ,293 ,Toys,2/24/2023,Teacher,Rarely,1
753,69 ,Other,New York,Gold,26 ,2120 ,Electronics,1/22/2023,Doctor,Monthly,0
754,64 ,Female,Los Angeles,Gold,55 ,1303 ,Sports,5/30/2023,Artist,Weekly,1
755,38 ,Other,New York,Platinum,84 ,173 ,Sports,11/10/2023,Teacher,Rarely,0
757,21 ,Other,Seattle,Platinum,46 ,3888 ,Electronics,8/9/2023,Other,Daily,0
758,53 ,Female,Chicago,Silver,4 ,666 ,Toys,10/31/2023,Engineer,Daily,0
759,57 ,Other,New York,Gold,85 ,899 ,Toys,2/2/2023,Other,Monthly,1
761,,Other,Chicago,Silver,,,,6/11/2023,Student,Daily,0
763,,Male,Houston,Bronze,,,,4/14/2023,Artist,Weekly,0
770,49 ,Male,Seattle,Gold,17 ,315 ,Clothing,11/18/2023,Salesperson,Daily,1
771,27 ,Other,Chicago,Platinum,46 ,1066 ,Sports,7/9/2023,Other,Rarely,0
774,63 ,Other,Los Angeles,Silver,98 ,562 ,Toys,8/23/2023,Artist,Monthly,1
776,,Male,Seattle,Bronze,,,,5/16/2023,Student,Daily,0
777,39 ,Female,Houston,Gold,88 ,761 ,Toys,1/20/2023,Student,Daily,1
779,62 ,Male,Houston,Platinum,25 ,338 ,Books,9/5/2023,Artist,Daily,1
782,42 ,Other,Seattle,Bronze,61 ,2239 ,Electronics,12/10/2023,Doctor,Daily,0
784,23 ,Female,Chicago,Bronze,62 ,324 ,Toys,2/24/2023,Retired,Rarely,0
785,58 ,Other,Chicago,Platinum,60 ,1231 ,Sports,7/1/2023,Doctor,Weekly,1
788,,Female,New York,Silver,,,,4/6/2023,Student,Weekly,1
789,52 ,Female,New York,Silver,25 ,2280 ,Electronics,1/4/2023,Engineer,Daily,1
791,34 ,Other,Miami,Silver,83 ,240 ,Books,5/11/2023,Artist,Rarely,0
792,26 ,Female,Miami,Bronze,22 ,4103 ,Electronics,9/16/2023,Retired,Monthly,1
793,19 ,Other,New York,Bronze,7 ,375 ,Books,10/9/2023,Teacher,Rarely,0
795,66 ,Other,Houston,Gold,22 ,242 ,Books,1/17/2023,Retired,Weekly,1
796,53 ,Male,Houston,Bronze,28 ,591 ,Sports,4/25/2023,Student,Rarely,0
797,45 ,Other,Seattle,Silver,27 ,435 ,Books,5/17/2023,Artist,Daily,0
798,58 ,Male,New York,Bronze,90 ,868 ,Toys,7/29/2023,Engineer,Rarely,0
799,54 ,Other,New York,Platinum,65 ,1817 ,Clothing,5/1/2023,Other,Monthly,1
801,43 ,Male,Seattle,Gold,54 ,1882 ,Home Goods,3/20/2023,Teacher,Monthly,0
802,,Other,Miami,Silver,,,,1/7/2023,Student,Daily,1
803,57 ,Female,Seattle,Bronze,8 ,219 ,Books,3/19/2023,Teacher,Daily,0
804,53 ,Male,Seattle,Gold,81 ,312 ,Books,2/26/2023,Other,Daily,0
806,48 ,Male,Chicago,Gold,12 ,221 ,Toys,11/12/2023,Doctor,Daily,1
807,47 ,Male,Miami,Silver,3 ,803 ,Toys,4/13/2023,Doctor,Daily,0
810,36 ,Female,Seattle,Gold,18 ,315 ,Sports,7/23/2023,Teacher,Rarely,1
812,47 ,Male,Miami,Silver,6 ,1916 ,Clothing,5/29/2023,Doctor,Rarely,1
813,38 ,Other,Los Angeles,Silver,79 ,1174 ,Clothing,7/18/2023,Doctor,Monthly,0
814,20 ,Other,Miami,Gold,82 ,1616 ,Home Goods,11/17/2023,Other,Monthly,1
815,23 ,Female,New York,Bronze,31 ,217 ,Clothing,11/20/2023,Engineer,Daily,0
819,20 ,Other,Houston,Platinum,94 ,228 ,Home Goods,10/23/2023,Salesperson,Rarely,0
823,57 ,Male,Los Angeles,Platinum,1 ,298 ,Books,7/23/2023,Retired,Weekly,0
825,29 ,Female,Chicago,Gold,30 ,2793 ,Home Goods,10/9/2023,Engineer,Monthly,0
829,24 ,Male,Miami,Platinum,22 ,544 ,Toys,2/10/2023,Engineer,Monthly,1
830,25 ,Other,Miami,Silver,64 ,848 ,Toys,7/10/2023,Doctor,Monthly,0
833,61 ,Female,Houston,Silver,39 ,1138 ,Electronics,4/30/2023,Artist,Weekly,0
834,37 ,Other,Miami,Silver,80 ,4435 ,Electronics,2/8/2023,Teacher,Weekly,1
836,59 ,Other,Houston,Silver,16 ,373 ,Toys,10/26/2023,Salesperson,Daily,1
837,47 ,Other,Miami,Platinum,87 ,61 ,Books,8/19/2023,Teacher,Daily,0
838,64 ,Female,Houston,Bronze,18 ,457 ,Toys,5/30/2023,Teacher,Rarely,1
839,39 ,Other,Seattle,Platinum,54 ,70 ,Books,12/13/2023,Doctor,Rarely,0
840,27 ,Other,Houston,Platinum,23 ,4920 ,Electronics,5/12/2023,Teacher,Weekly,0
841,43 ,Other,Miami,Silver,78 ,1294 ,Clothing,9/18/2023,Engineer,Weekly,1
842,68 ,Other,New York,Silver,48 ,455 ,Sports,1/5/2023,Artist,Daily,0
843,50 ,Female,Los Angeles,Gold,67 ,1248 ,Clothing,2/23/2023,Teacher,Rarely,0
844,45 ,Other,Houston,Bronze,12 ,1363 ,Sports,6/11/2023,Student,Weekly,0
845,27 ,Other,Seattle,Bronze,10 ,1402 ,Clothing,7/22/2023,Teacher,Weekly,1
848,35 ,Male,Los Angeles,Platinum,52 ,381 ,Toys,4/3/2023,Other,Daily,0
849,59 ,Female,Seattle,Silver,48 ,870 ,Toys,1/24/2023,Student,Monthly,1
850,18 ,Female,Houston,Bronze,5 ,1066 ,Home Goods,4/23/2023,Retired,Daily,0
851,40 ,Male,Houston,Silver,11 ,245 ,Books,1/3/2023,Teacher,Rarely,1
853,60 ,Male,New York,Bronze,45 ,590 ,Clothing,9/23/2023,Teacher,Weekly,0
855,48 ,Female,Chicago,Bronze,9 ,3764 ,Electronics,5/30/2023,Other,Rarely,1
857,21 ,Male,Seattle,Silver,19 ,595 ,Toys,2/7/2023,Salesperson,Weekly,0
861,47 ,Other,Chicago,Platinum,30 ,648 ,Toys,7/31/2023,Salesperson,Weekly,1
863,41 ,Female,Chicago,Gold,18 ,245 ,Books,3/8/2023,Teacher,Weekly,1
865,37 ,Male,New York,Silver,12 ,400 ,Books,11/28/2023,Artist,Rarely,0
866,26 ,Male,Miami,Gold,50 ,203 ,Clothing,1/10/2023,Artist,Monthly,1
867,25 ,Female,Chicago,Gold,73 ,530 ,Clothing,11/26/2023,Teacher,Daily,1
868,41 ,Female,Houston,Bronze,89 ,393 ,Books,10/14/2023,Doctor,Daily,1
870,35 ,Male,Los Angeles,Bronze,12 ,285 ,Books,4/17/2023,Other,Weekly,1
872,29 ,Male,Chicago,Gold,51 ,466 ,Books,4/16/2023,Doctor,Weekly,0
874,54 ,Other,Houston,Silver,58 ,1466 ,Home Goods,3/21/2023,Retired,Weekly,1
875,43 ,Female,Miami,Platinum,4 ,1498 ,Clothing,11/30/2023,Student,Rarely,1
876,50 ,Female,Chicago,Platinum,61 ,1721 ,Home Goods,2/19/2023,Doctor,Weekly,1
877,60 ,Female,Miami,Gold,40 ,843 ,Toys,8/23/2023,Engineer,Monthly,1
879,40 ,Male,Seattle,Gold,30 ,3936 ,Electronics,4/14/2023,Artist,Daily,1
880,46 ,Male,Los Angeles,Silver,54 ,195 ,Books,2/4/2023,Salesperson,Monthly,1
883,22 ,Other,Miami,Bronze,76 ,2925 ,Electronics,4/17/2023,Engineer,Monthly,0
884,40 ,Other,Los Angeles,Bronze,80 ,1927 ,Clothing,9/15/2023,Other,Monthly,1
885,53 ,Male,New York,Silver,46 ,724 ,Toys,9/14/2023,Doctor,Daily,0
887,,Male,Miami,Gold,,,,12/30/2023,Teacher,Weekly,0
888,26 ,Female,Chicago,Silver,98 ,503 ,Toys,10/3/2023,Engineer,Rarely,1
890,23 ,Other,New York,Bronze,6 ,824 ,Toys,9/15/2023,Salesperson,Rarely,1
891,18 ,Female,Miami,Gold,31 ,954 ,Toys,3/24/2023,Teacher,Weekly,0
892,26 ,Male,Chicago,Bronze,59 ,306 ,Books,3/4/2023,Student,Weekly,0
894,33 ,Female,Miami,Platinum,60 ,286 ,Books,7/11/2023,Other,Weekly,0
897,57 ,Other,Houston,Silver,44 ,428 ,Books,1/25/2023,Other,Rarely,1
898,46 ,Female,Los Angeles,Platinum,61 ,874 ,Sports,3/10/2023,Retired,Daily,0
901,28 ,Male,Los Angeles,Silver,28 ,769 ,Clothing,4/18/2023,Artist,Rarely,1
902,64 ,Male,Chicago,Silver,28 ,153 ,Books,2/24/2023,Salesperson,Daily,1
903,67 ,Female,Seattle,Gold,30 ,69 ,Books,7/26/2023,Doctor,Rarely,1
904,45 ,Male,Seattle,Silver,73 ,97 ,Books,6/7/2023,Other,Monthly,1
906,53 ,Male,Chicago,Platinum,98 ,117 ,Books,9/14/2023,Retired,Rarely,0
907,59 ,Female,Chicago,Gold,79 ,2383 ,Home Goods,1/16/2023,Teacher,Weekly,1
908,36 ,Male,Chicago,Silver,39 ,293 ,Home Goods,6/10/2023,Other,Monthly,1
909,52 ,Male,Seattle,Silver,12 ,312 ,Sports,9/11/2023,Other,Monthly,0
910,69 ,Female,Los Angeles,Platinum,75 ,890 ,Toys,9/1/2023,Student,Monthly,0
911,48 ,Male,Houston,Silver,90 ,758 ,Sports,8/18/2023,Artist,Monthly,1
912,61 ,Male,New York,Platinum,33 ,250 ,Sports,7/17/2023,Retired,Daily,0
913,36 ,Female,Houston,Gold,51 ,1693 ,Home Goods,4/16/2023,Teacher,Monthly,0
915,41 ,Other,Miami,Platinum,71 ,395 ,Sports,2/28/2023,Salesperson,Weekly,0
916,19 ,Male,Houston,Gold,31 ,668 ,Clothing,12/8/2023,Retired,Weekly,0
918,60 ,Female,New York,Platinum,76 ,1734 ,Clothing,1/9/2023,Other,Monthly,1
921,34 ,Female,Houston,Gold,69 ,3119 ,Electronics,9/22/2023,Retired,Monthly,0
925,60 ,Other,Chicago,Gold,30 ,491 ,Books,3/6/2023,Student,Weekly,0
928,31 ,Male,New York,Platinum,92 ,4078 ,Electronics,6/26/2023,Retired,Rarely,1
929,24 ,Male,Houston,Platinum,84 ,137 ,Books,6/7/2023,Teacher,Daily,0
930,56 ,Other,Miami,Platinum,91 ,263 ,Books,3/13/2023,Doctor,Rarely,0
932,26 ,Female,Seattle,Silver,74 ,1617 ,Clothing,10/3/2023,Doctor,Weekly,0
933,31 ,Other,Houston,Gold,51 ,617 ,Toys,5/7/2023,Student,Rarely,1
934,25 ,Other,New York,Platinum,96 ,3056 ,Electronics,5/17/2023,Teacher,Rarely,0
935,34 ,Other,New York,Silver,95 ,135 ,Toys,2/9/2023,Teacher,Weekly,0
937,33 ,Male,Houston,Gold,72 ,141 ,Books,11/30/2023,Retired,Rarely,0
938,43 ,Other,Seattle,Platinum,57 ,1989 ,Home Goods,2/10/2023,Other,Daily,0
939,26 ,Other,New York,Silver,36 ,329 ,Books,5/10/2023,Artist,Weekly,0
940,53 ,Other,Seattle,Silver,74 ,3771 ,Electronics,12/12/2023,Artist,Weekly,0
942,35 ,Other,Miami,Platinum,48 ,528 ,Toys,12/3/2023,Retired,Rarely,0
945,43 ,Female,Miami,Platinum,68 ,3257 ,Electronics,12/26/2023,Engineer,Daily,1
946,20 ,Male,Miami,Bronze,72 ,343 ,Books,11/24/2023,Doctor,Rarely,0
947,34 ,Female,New York,Silver,63 ,1530 ,Clothing,4/13/2023,Retired,Rarely,1
948,68 ,Male,Miami,Silver,73 ,4614 ,Electronics,10/21/2023,Teacher,Monthly,0
950,41 ,Female,Chicago,Gold,6 ,2740 ,Home Goods,6/14/2023,Salesperson,Monthly,0
953,54 ,Male,Chicago,Silver,93 ,436 ,Clothing,8/30/2023,Doctor,Rarely,1
954,62 ,Female,New York,Silver,47 ,811 ,Home Goods,9/13/2023,Student,Daily,1
955,67 ,Female,New York,Silver,39 ,830 ,Toys,9/5/2023,Engineer,Monthly,1
957,48 ,Male,Miami,Silver,9 ,430 ,Books,9/17/2023,Retired,Daily,0
959,38 ,Female,Houston,Platinum,67 ,4695 ,Electronics,5/10/2023,Artist,Daily,1
961,55 ,Female,Houston,Platinum,17 ,131 ,Clothing,1/12/2023,Other,Rarely,1
963,45 ,Other,Chicago,Silver,67 ,99 ,Toys,7/7/2023,Retired,Daily,0
964,47 ,Male,Los Angeles,Platinum,12 ,369 ,Books,5/21/2023,Retired,Daily,1
965,51 ,Male,Houston,Gold,32 ,1231 ,Clothing,12/19/2023,Doctor,Monthly,0
966,69 ,Other,Seattle,Bronze,11 ,3444 ,Electronics,11/3/2023,Teacher,Daily,0
968,40 ,Male,Seattle,Silver,15 ,992 ,Clothing,2/24/2023,Salesperson,Rarely,1
971,67 ,Other,Los Angeles,Bronze,30 ,856 ,Toys,12/10/2023,Retired,Weekly,1
972,27 ,Other,Chicago,Gold,6 ,136 ,Sports,7/19/2023,Teacher,Weekly,1
973,18 ,Male,Miami,Silver,15 ,1157 ,Sports,7/7/2023,Student,Rarely,1
974,37 ,Female,Miami,Bronze,80 ,149 ,Books,11/18/2023,Other,Weekly,1
975,54 ,Other,Los Angeles,Bronze,52 ,155 ,Books,9/27/2023,Teacher,Monthly,0
976,35 ,Female,Miami,Gold,33 ,680 ,Toys,1/31/2023,Engineer,Monthly,0
979,21 ,Male,Miami,Platinum,7 ,864 ,Toys,6/1/2023,Retired,Weekly,0
980,60 ,Female,Chicago,Platinum,74 ,2566 ,Electronics,1/25/2023,Student,Weekly,1
982,38 ,Other,Houston,Platinum,76 ,444 ,Sports,4/15/2023,Retired,Rarely,0
983,54 ,Other,New York,Bronze,88 ,1444 ,Home Goods,12/25/2023,Teacher,Rarely,1
985,34 ,Female,Los Angeles,Gold,41 ,998 ,Electronics,8/10/2023,Other,Monthly,1
987,65 ,Other,Los Angeles,Gold,37 ,1399 ,Sports,8/29/2023,Salesperson,Weekly,0
988,28 ,Female,Houston,Platinum,13 ,2294 ,Electronics,8/27/2023,Artist,Daily,0
989,63 ,Other,Los Angeles,Platinum,36 ,348 ,Toys,2/8/2023,Salesperson,Rarely,0
990,58 ,Male,Los Angeles,Silver,63 ,99 ,Books,11/12/2023,Artist,Weekly,1
994,49 ,Female,Miami,Silver,77 ,603 ,Sports,1/29/2023,Salesperson,Rarely,1
995,38 ,Male,Chicago,Bronze,19 ,3405 ,Electronics,7/14/2023,Artist,Monthly,1
996,24 ,Male,Houston,Silver,1 ,178 ,Sports,2/6/2023,Salesperson,Rarely,0
997,27 ,Female,New York,Platinum,2 ,2113 ,Home Goods,5/16/2023,Teacher,Weekly,0
998,45 ,Other,Houston,Gold,85 ,186 ,Clothing,6/9/2023,Engineer,Weekly,1
999,65 ,Female,Houston,Platinum,78 ,1331 ,Sports,6/21/2023,Other,Daily,0
1000,53 ,Female,Chicago,Gold,91 ,954 ,Home Goods,2/11/2023,Engineer,Monthly,1
1001,62 ,Male,New York,Silver,40 ,813 ,Toys,4/19/2023,Doctor,Daily,1
1002,65 ,Other,Seattle,Bronze,95 ,2338 ,Electronics,8/29/2023,Other,Daily,0
1003,18 ,Female,Los Angeles,Bronze,20 ,1219 ,Sports,2/20/2023,Artist,Daily,0
1004,21 ,Other,Los Angeles,Bronze,51 ,1307 ,Electronics,10/10/2023,Student,Monthly,0
1005,21 ,Other,New York,Gold,66 ,243 ,Books,6/18/2023,Teacher,Monthly,0
1006,57 ,Female,New York,Silver,44 ,1485 ,Home Goods,11/14/2023,Retired,Daily,0
1009,39 ,Other,Houston,Bronze,90 ,4864 ,Electronics,9/28/2023,Retired,Monthly,1
1011,54 ,Female,Houston,Gold,73 ,2705 ,Electronics,12/8/2023,Salesperson,Weekly,1
1012,41 ,Male,Houston,Bronze,51 ,257 ,Clothing,2/22/2023,Artist,Weekly,0
1017,19 ,Other,Miami,Platinum,37 ,118 ,Books,5/25/2023,Retired,Rarely,1
1019,57 ,Female,Seattle,Silver,77 ,490 ,Books,4/22/2023,Engineer,Monthly,0
1020,,Male,Chicago,Bronze,,,,7/4/2023,Teacher,Daily,1
1023,35 ,Male,Seattle,Silver,49 ,1837 ,Home Goods,8/20/2023,Teacher,Daily,0
1025,43 ,Other,Los Angeles,Bronze,12 ,688 ,Home Goods,1/16/2023,Teacher,Weekly,0
1026,31 ,Male,Seattle,Platinum,94 ,1404 ,Home Goods,5/23/2023,Salesperson,Monthly,1
1027,26 ,Male,Houston,Platinum,35 ,665 ,Sports,9/4/2023,Salesperson,Daily,0
1028,27 ,Female,Miami,Bronze,75 ,916 ,Toys,9/18/2023,Salesperson,Rarely,0
1029,38 ,Female,Seattle,Gold,77 ,1042 ,Sports,3/26/2023,Engineer,Rarely,0
1030,69 ,Female,Seattle,Platinum,40 ,2921 ,Home Goods,4/16/2023,Artist,Daily,0
1031,34 ,Female,Houston,Silver,11 ,2901 ,Home Goods,8/21/2023,Retired,Monthly,1
1032,69 ,Female,New York,Bronze,3 ,62 ,Books,2/22/2023,Doctor,Rarely,1
1034,33 ,Other,Miami,Gold,47 ,530 ,Clothing,9/10/2023,Other,Weekly,0
1035,65 ,Male,Chicago,Gold,52 ,335 ,Toys,11/6/2023,Student,Weekly,1
1040,67 ,Other,Chicago,Silver,64 ,341 ,Books,8/8/2023,Engineer,Daily,0
1043,37 ,Female,Seattle,Platinum,39 ,2905 ,Home Goods,3/8/2023,Teacher,Daily,1
1046,57 ,Female,Miami,Platinum,20 ,539 ,Sports,1/29/2023,Other,Weekly,0
1047,50 ,Female,Los Angeles,Platinum,82 ,109 ,Sports,9/7/2023,Artist,Monthly,0
1050,50 ,Other,Seattle,Silver,25 ,194 ,Books,3/10/2023,Student,Weekly,1
1051,49 ,Male,Miami,Platinum,12 ,935 ,Sports,2/6/2023,Engineer,Daily,1
1052,28 ,Male,Chicago,Silver,23 ,781 ,Sports,12/4/2023,Engineer,Weekly,1
1053,41 ,Other,Chicago,Bronze,61 ,353 ,Books,1/25/2023,Retired,Weekly,1
1055,29 ,Other,Los Angeles,Bronze,3 ,188 ,Sports,12/30/2023,Engineer,Monthly,0
1057,46 ,Male,Los Angeles,Platinum,73 ,1004 ,Home Goods,10/18/2023,Student,Monthly,1
1059,18 ,Other,Seattle,Gold,39 ,4622 ,Electronics,11/9/2023,Doctor,Monthly,0
1060,18 ,Male,Miami,Silver,53 ,3574 ,Electronics,3/5/2023,Doctor,Rarely,1
1062,23 ,Female,Chicago,Gold,89 ,890 ,Sports,12/30/2023,Artist,Weekly,1
1063,56 ,Male,Houston,Silver,64 ,96 ,Books,9/20/2023,Retired,Rarely,0
1064,58 ,Female,Chicago,Gold,22 ,901 ,Toys,10/15/2023,Doctor,Weekly,0
1066,33 ,Female,Houston,Silver,32 ,68 ,Toys,8/28/2023,Artist,Monthly,0
1068,59 ,Male,Houston,Bronze,38 ,1319 ,Home Goods,6/28/2023,Student,Monthly,0
1070,49 ,Female,Los Angeles,Gold,23 ,3767 ,Electronics,10/14/2023,Salesperson,Weekly,0
1071,19 ,Female,Los Angeles,Silver,43 ,100 ,Clothing,10/12/2023,Engineer,Daily,0
1072,19 ,Other,Seattle,Gold,60 ,205 ,Books,5/8/2023,Artist,Weekly,1
1073,,Male,Los Angeles,Silver,,,,6/10/2023,Engineer,Monthly,1
1076,56 ,Male,Houston,Silver,52 ,600 ,Sports,10/13/2023,Engineer,Rarely,1
1077,29 ,Female,New York,Gold,83 ,511 ,Electronics,9/16/2023,Engineer,Rarely,0
1078,64 ,Other,Chicago,Platinum,24 ,724 ,Sports,3/25/2023,Salesperson,Weekly,0
1080,45 ,Female,Chicago,Platinum,26 ,2404 ,Home Goods,3/6/2023,Teacher,Daily,0
1081,18 ,Other,Chicago,Silver,58 ,396 ,Clothing,5/31/2023,Retired,Weekly,1
1082,32 ,Female,Seattle,Bronze,70 ,1986 ,Electronics,1/18/2023,Salesperson,Rarely,0
1084,30 ,Female,Seattle,Silver,46 ,316 ,Books,1/5/2023,Artist,Daily,1
1086,38 ,Female,Houston,Silver,52 ,465 ,Sports,7/17/2023,Engineer,Monthly,1
1087,29 ,Other,Miami,Silver,60 ,1251 ,Sports,1/15/2023,Salesperson,Weekly,0
1089,24 ,Other,Los Angeles,Silver,27 ,314 ,Toys,11/3/2023,Teacher,Weekly,0
1091,65 ,Male,Seattle,Gold,33 ,1104 ,Sports,10/18/2023,Salesperson,Monthly,0
1096,32 ,Male,Chicago,Bronze,62 ,542 ,Sports,5/16/2023,Retired,Weekly,1
1097,33 ,Female,New York,Bronze,2 ,1054 ,Clothing,12/29/2023,Artist,Monthly,1
1100,41 ,Male,New York,Gold,91 ,2968 ,Electronics,7/27/2023,Retired,Weekly,0
1101,33 ,Male,Miami,Gold,16 ,836 ,Home Goods,2/16/2023,Other,Monthly,1
1106,23 ,Female,Houston,Gold,95 ,355 ,Books,3/8/2023,Doctor,Daily,0
1108,53 ,Other,Los Angeles,Gold,1 ,635 ,Home Goods,7/3/2023,Salesperson,Rarely,1
1109,18 ,Female,Miami,Platinum,82 ,539 ,Sports,6/13/2023,Engineer,Daily,1
1111,23 ,Female,Seattle,Bronze,13 ,1505 ,Electronics,3/13/2023,Other,Monthly,0
1112,48 ,Other,Seattle,Silver,92 ,3633 ,Electronics,11/19/2023,Retired,Daily,1
1113,18 ,Male,Houston,Bronze,44 ,554 ,Home Goods,3/13/2023,Salesperson,Monthly,1
1115,68 ,Female,Houston,Bronze,48 ,248 ,Books,4/20/2023,Teacher,Rarely,0
1116,54 ,Other,New York,Platinum,23 ,4108 ,Electronics,7/11/2023,Student,Rarely,0
1117,52 ,Other,Miami,Silver,32 ,2826 ,Home Goods,4/23/2023,Engineer,Monthly,1
1118,66 ,Male,Houston,Platinum,35 ,253 ,Toys,1/6/2023,Engineer,Weekly,1
1120,,Female,Los Angeles,Silver,,,,10/12/2023,Doctor,Daily,0
1121,52 ,Other,Chicago,Bronze,69 ,268 ,Clothing,8/21/2023,Teacher,Monthly,1
1122,60 ,Male,Seattle,Bronze,63 ,771 ,Toys,3/16/2023,Artist,Weekly,0
1123,31 ,Female,Miami,Platinum,37 ,1291 ,Clothing,5/16/2023,Other,Weekly,0
1126,39 ,Other,New York,Silver,82 ,413 ,Books,12/5/2023,Teacher,Monthly,0
1128,18 ,Other,New York,Silver,7 ,326 ,Books,11/16/2023,Teacher,Weekly,1
1129,28 ,Female,Chicago,Silver,49 ,668 ,Toys,5/4/2023,Doctor,Rarely,1
1132,41 ,Female,Seattle,Platinum,78 ,857 ,Toys,4/7/2023,Teacher,Rarely,1
1133,20 ,Male,Houston,Gold,57 ,901 ,Toys,2/19/2023,Retired,Monthly,0
1134,52 ,Other,Los Angeles,Bronze,10 ,497 ,Books,7/8/2023,Artist,Rarely,1
1137,21 ,Other,New York,Bronze,10 ,643 ,Clothing,2/6/2023,Other,Daily,0
1138,36 ,Male,Seattle,Silver,37 ,146 ,Toys,5/28/2023,Engineer,Daily,1
1139,64 ,Other,Miami,Bronze,29 ,3371 ,Electronics,12/19/2023,Salesperson,Daily,1
1140,53 ,Male,Chicago,Bronze,65 ,848 ,Home Goods,9/3/2023,Other,Weekly,1
1146,59 ,Other,Houston,Bronze,88 ,1167 ,Clothing,9/19/2023,Teacher,Rarely,0
1147,19 ,Male,Chicago,Platinum,95 ,780 ,Sports,3/27/2023,Teacher,Rarely,1
1150,40 ,Male,Los Angeles,Bronze,99 ,259 ,Books,8/26/2023,Doctor,Monthly,1
1151,61 ,Other,New York,Bronze,81 ,254 ,Books,9/28/2023,Student,Rarely,1
1152,58 ,Male,Los Angeles,Platinum,83 ,217 ,Sports,8/23/2023,Doctor,Daily,1
1153,,Other,New York,Bronze,,,,1/31/2023,Engineer,Daily,0
1156,34 ,Other,Miami,Platinum,29 ,2839 ,Home Goods,6/14/2023,Retired,Rarely,1
1158,,Male,New York,Bronze,,,,4/3/2023,Student,Rarely,1
1160,37 ,Female,Chicago,Platinum,43 ,2102 ,Home Goods,3/27/2023,Salesperson,Daily,0
1161,64 ,Female,Houston,Silver,47 ,832 ,Sports,8/4/2023,Engineer,Weekly,1
1162,60 ,Female,Chicago,Gold,70 ,1032 ,Clothing,9/27/2023,Engineer,Rarely,0
1163,69 ,Female,New York,Gold,29 ,1284 ,Home Goods,4/20/2023,Other,Rarely,0
1164,58 ,Male,Miami,Bronze,44 ,1654 ,Clothing,6/18/2023,Artist,Weekly,0
1165,31 ,Other,New York,Bronze,84 ,1221 ,Electronics,11/7/2023,Teacher,Daily,0
1168,20 ,Female,Houston,Gold,75 ,1021 ,Sports,2/28/2023,Student,Weekly,0
1169,21 ,Female,Los Angeles,Silver,10 ,310 ,Books,4/14/2023,Student,Rarely,1
1170,48 ,Other,Miami,Platinum,92 ,956 ,Toys,12/31/2023,Teacher,Weekly,1
1175,,Female,New York,Silver,,,,3/31/2023,Teacher,Daily,0
1176,26 ,Female,Seattle,Silver,92 ,260 ,Toys,9/7/2023,Artist,Daily,1
1183,62 ,Female,Houston,Gold,24 ,153 ,Books,1/22/2023,Other,Weekly,0
1184,32 ,Other,Houston,Bronze,53 ,3580 ,Electronics,12/20/2023,Engineer,Daily,0
1185,50 ,Male,Chicago,Bronze,24 ,171 ,Books,9/15/2023,Doctor,Rarely,1
1186,22 ,Other,Chicago,Silver,73 ,1250 ,Home Goods,6/21/2023,Student,Weekly,1
1187,,Other,Los Angeles,Silver,,,,7/3/2023,Teacher,Rarely,1
1188,63 ,Other,Miami,Gold,61 ,295 ,Home Goods,11/23/2023,Artist,Weekly,1
1189,29 ,Other,Houston,Bronze,48 ,662 ,Clothing,10/18/2023,Doctor,Daily,0
1190,40 ,Other,New York,Platinum,16 ,279 ,Toys,2/16/2023,Retired,Rarely,0
1191,31 ,Male,Los Angeles,Platinum,37 ,69 ,Books,12/13/2023,Salesperson,Rarely,0
1192,63 ,Female,Chicago,Platinum,66 ,489 ,Books,5/26/2023,Teacher,Monthly,0
1194,34 ,Other,Miami,Gold,43 ,899 ,Sports,2/22/2023,Artist,Daily,1
1195,42 ,Other,Seattle,Silver,1 ,1047 ,Sports,10/31/2023,Salesperson,Rarely,0
1199,43 ,Female,Houston,Gold,68 ,990 ,Toys,6/8/2023,Engineer,Weekly,1
1201,37 ,Other,Houston,Platinum,30 ,292 ,Books,8/28/2023,Teacher,Weekly,1
1202,51 ,Female,Miami,Bronze,17 ,963 ,Toys,4/11/2023,Retired,Weekly,1
1203,58 ,Other,Seattle,Platinum,68 ,75 ,Books,4/13/2023,Retired,Monthly,0
1207,39 ,Other,Chicago,Silver,82 ,1992 ,Home Goods,12/25/2023,Artist,Weekly,0
1209,31 ,Female,Miami,Silver,44 ,1207 ,Sports,9/21/2023,Artist,Weekly,1
1213,59 ,Female,Los Angeles,Platinum,93 ,927 ,Home Goods,3/19/2023,Teacher,Weekly,1
1214,36 ,Male,New York,Platinum,15 ,893 ,Sports,10/4/2023,Student,Rarely,1
1215,58 ,Female,Los Angeles,Gold,15 ,262 ,Books,10/30/2023,Doctor,Rarely,1
1218,56 ,Other,Chicago,Silver,44 ,378 ,Books,1/23/2023,Student,Daily,0
1219,65 ,Female,Los Angeles,Bronze,28 ,88 ,Books,3/28/2023,Engineer,Monthly,0
1220,,Female,Miami,Silver,,,,8/18/2023,Student,Daily,0
1222,49 ,Male,Miami,Bronze,24 ,506 ,Home Goods,6/12/2023,Student,Daily,1
1223,62 ,Male,Chicago,Silver,35 ,3561 ,Electronics,3/3/2023,Student,Rarely,1
1225,42 ,Female,New York,Platinum,66 ,1299 ,Home Goods,8/2/2023,Doctor,Monthly,1
1227,36 ,Male,Chicago,Gold,22 ,525 ,Home Goods,7/13/2023,Teacher,Rarely,0
1230,60 ,Other,Chicago,Bronze,46 ,863 ,Sports,5/26/2023,Doctor,Rarely,0
1231,30 ,Male,Miami,Bronze,40 ,3889 ,Electronics,2/22/2023,Retired,Rarely,0
1233,53 ,Male,Los Angeles,Platinum,87 ,624 ,Toys,5/22/2023,Teacher,Rarely,0
1236,41 ,Other,Houston,Gold,91 ,1147 ,Sports,1/22/2023,Doctor,Weekly,0
1237,61 ,Male,New York,Silver,9 ,1659 ,Home Goods,8/15/2023,Retired,Monthly,1
1240,58 ,Male,Los Angeles,Gold,87 ,229 ,Sports,3/11/2023,Teacher,Monthly,0
1241,38 ,Male,Houston,Gold,83 ,1704 ,Home Goods,8/31/2023,Teacher,Rarely,0
1243,61 ,Female,Seattle,Bronze,63 ,3919 ,Electronics,11/16/2023,Doctor,Rarely,0
1247,58 ,Male,Seattle,Gold,72 ,1511 ,Home Goods,9/8/2023,Teacher,Rarely,1
1249,45 ,Male,Houston,Silver,95 ,287 ,Toys,8/29/2023,Other,Rarely,1
1250,37 ,Female,Miami,Platinum,43 ,1599 ,Clothing,11/21/2023,Engineer,Daily,1
1251,43 ,Male,Los Angeles,Platinum,86 ,437 ,Toys,3/9/2023,Doctor,Rarely,1
1253,69 ,Other,New York,Gold,26 ,2120 ,Electronics,1/22/2023,Doctor,Monthly,0
1254,64 ,Female,Los Angeles,Gold,55 ,1303 ,Sports,5/30/2023,Artist,Weekly,1
1255,38 ,Other,New York,Platinum,84 ,173 ,Sports,11/10/2023,Teacher,Rarely,0
1256,47 ,Female,Houston,Bronze,26 ,241 ,Clothing,11/19/2023,Other,Weekly,0
1257,21 ,Other,Seattle,Platinum,46 ,3888 ,Electronics,8/9/2023,Other,Daily,0
1258,53 ,Female,Chicago,Silver,4 ,666 ,Toys,10/31/2023,Engineer,Daily,0
1259,57 ,Other,New York,Gold,85 ,899 ,Toys,2/2/2023,Other,Monthly,1
1261,,Other,Chicago,Silver,,,,6/11/2023,Student,Daily,0
1262,59 ,Female,Los Angeles,Bronze,34 ,253 ,Clothing,8/16/2023,Student,Rarely,0
1266,44 ,Other,Houston,Gold,61 ,1882 ,Clothing,3/28/2023,Salesperson,Weekly,1
1267,68 ,Male,New York,Gold,38 ,256 ,Books,9/19/2023,Salesperson,Weekly,0
1268,62 ,Other,Chicago,Gold,85 ,294 ,Toys,5/18/2023,Doctor,Weekly,0
1270,49 ,Male,Seattle,Gold,17 ,315 ,Clothing,11/18/2023,Salesperson,Daily,1
1274,63 ,Other,Los Angeles,Silver,98 ,562 ,Toys,8/23/2023,Artist,Monthly,1
1275,25 ,Male,Seattle,Silver,66 ,2267 ,Electronics,7/16/2023,Student,Monthly,1
1276,,Male,Seattle,Bronze,,,,5/16/2023,Student,Daily,0
1277,39 ,Female,Houston,Gold,88 ,761 ,Toys,1/20/2023,Student,Daily,1
1278,51 ,Female,Houston,Silver,69 ,1461 ,Clothing,11/4/2023,Teacher,Daily,0
1279,62 ,Male,Houston,Platinum,25 ,338 ,Books,9/5/2023,Artist,Daily,1
1281,52 ,Male,New York,Platinum,98 ,4499 ,Electronics,1/12/2023,Other,Weekly,0
1282,42 ,Other,Seattle,Bronze,61 ,2239 ,Electronics,12/10/2023,Doctor,Daily,0
1287,18 ,Male,Miami,Bronze,30 ,520 ,Toys,10/24/2023,Engineer,Daily,0
1288,,Female,New York,Silver,,,,4/6/2023,Student,Weekly,1
1289,52 ,Female,New York,Silver,25 ,2280 ,Electronics,1/4/2023,Engineer,Daily,1
1290,23 ,Male,Houston,Platinum,4 ,1607 ,Clothing,7/9/2023,Student,Monthly,1
1293,19 ,Other,New York,Bronze,7 ,375 ,Books,10/9/2023,Teacher,Rarely,0
1294,35 ,Female,Miami,Gold,85 ,739 ,Toys,10/30/2023,Retired,Daily,0
1297,45 ,Other,Seattle,Silver,27 ,435 ,Books,5/17/2023,Artist,Daily,0
1301,43 ,Male,Seattle,Gold,54 ,1882 ,Home Goods,3/20/2023,Teacher,Monthly,0
1302,,Other,Miami,Silver,,,,1/7/2023,Student,Daily,1
1303,57 ,Female,Seattle,Bronze,8 ,219 ,Books,3/19/2023,Teacher,Daily,0
1304,53 ,Male,Seattle,Gold,81 ,312 ,Books,2/26/2023,Other,Daily,0
1306,48 ,Male,Chicago,Gold,12 ,221 ,Toys,11/12/2023,Doctor,Daily,1
1307,47 ,Male,Miami,Silver,3 ,803 ,Toys,4/13/2023,Doctor,Daily,0
1310,36 ,Female,Seattle,Gold,18 ,315 ,Sports,7/23/2023,Teacher,Rarely,1
1311,35 ,Other,New York,Bronze,79 ,173 ,Books,5/15/2023,Retired,Weekly,1
1313,38 ,Other,Los Angeles,Silver,79 ,1174 ,Clothing,7/18/2023,Doctor,Monthly,0
1315,23 ,Female,New York,Bronze,31 ,217 ,Clothing,11/20/2023,Engineer,Daily,0
1316,55 ,Other,Chicago,Gold,99 ,1819 ,Home Goods,5/4/2023,Artist,Monthly,0
1318,62 ,Other,Seattle,Gold,1 ,1622 ,Clothing,3/3/2023,Salesperson,Weekly,0
1320,,Other,New York,Silver,,,,11/12/2023,Retired,Weekly,0
1321,45 ,Male,New York,Bronze,45 ,1162 ,Clothing,7/28/2023,Engineer,Weekly,0
1322,,Other,Los Angeles,Platinum,,,,10/11/2023,Engineer,Monthly,1
1324,57 ,Male,Los Angeles,Gold,18 ,2261 ,Home Goods,10/17/2023,Artist,Rarely,0
1326,40 ,Female,Los Angeles,Gold,92 ,955 ,Sports,6/30/2023,Other,Weekly,0
1327,48 ,Other,New York,Silver,35 ,3393 ,Electronics,6/26/2023,Student,Monthly,0
1328,35 ,Female,Los Angeles,Gold,60 ,1895 ,Electronics,4/27/2023,Teacher,Weekly,0
1330,25 ,Other,Miami,Silver,64 ,848 ,Toys,7/10/2023,Doctor,Monthly,0
1332,46 ,Male,Miami,Silver,18 ,2611 ,Home Goods,10/27/2023,Engineer,Rarely,0
1333,61 ,Female,Houston,Silver,39 ,1138 ,Electronics,4/30/2023,Artist,Weekly,0
1334,37 ,Other,Miami,Silver,80 ,4435 ,Electronics,2/8/2023,Teacher,Weekly,1
1335,67 ,Female,Chicago,Platinum,2 ,492 ,Sports,5/28/2023,Other,Weekly,1
1338,64 ,Female,Houston,Bronze,18 ,457 ,Toys,5/30/2023,Teacher,Rarely,1
1339,39 ,Other,Seattle,Platinum,54 ,70 ,Books,12/13/2023,Doctor,Rarely,0
1340,27 ,Other,Houston,Platinum,23 ,4920 ,Electronics,5/12/2023,Teacher,Weekly,0
1341,43 ,Other,Miami,Silver,78 ,1294 ,Clothing,9/18/2023,Engineer,Weekly,1
1345,27 ,Other,Seattle,Bronze,10 ,1402 ,Clothing,7/22/2023,Teacher,Weekly,1
1346,46 ,Other,Houston,Gold,41 ,208 ,Books,8/29/2023,Engineer,Rarely,0
1348,35 ,Male,Los Angeles,Platinum,52 ,381 ,Toys,4/3/2023,Other,Daily,0
1349,59 ,Female,Seattle,Silver,48 ,870 ,Toys,1/24/2023,Student,Monthly,1
1351,40 ,Male,Houston,Silver,11 ,245 ,Books,1/3/2023,Teacher,Rarely,1
1353,60 ,Male,New York,Bronze,45 ,590 ,Clothing,9/23/2023,Teacher,Weekly,0
1354,,Female,Seattle,Silver,,,,11/24/2023,Teacher,Weekly,1
1355,48 ,Female,Chicago,Bronze,9 ,3764 ,Electronics,5/30/2023,Other,Rarely,1
1357,21 ,Male,Seattle,Silver,19 ,595 ,Toys,2/7/2023,Salesperson,Weekly,0
1359,26 ,Female,Seattle,Bronze,70 ,441 ,Sports,3/18/2023,Salesperson,Daily,0
1360,45 ,Male,Seattle,Gold,94 ,2044 ,Home Goods,12/2/2023,Student,Daily,1
1361,47 ,Other,Chicago,Platinum,30 ,648 ,Toys,7/31/2023,Salesperson,Weekly,1
1362,64 ,Female,New York,Bronze,28 ,141 ,Books,5/27/2023,Salesperson,Weekly,0
1363,41 ,Female,Chicago,Gold,18 ,245 ,Books,3/8/2023,Teacher,Weekly,1
1366,26 ,Male,Miami,Gold,50 ,203 ,Clothing,1/10/2023,Artist,Monthly,1
1367,25 ,Female,Chicago,Gold,73 ,530 ,Clothing,11/26/2023,Teacher,Daily,1
1369,31 ,Other,Seattle,Platinum,4 ,124 ,Clothing,1/23/2023,Artist,Weekly,0
1370,35 ,Male,Los Angeles,Bronze,12 ,285 ,Books,4/17/2023,Other,Weekly,1
1373,46 ,Other,Chicago,Platinum,16 ,132 ,Sports,11/21/2023,Engineer,Daily,1
1375,43 ,Female,Miami,Platinum,4 ,1498 ,Clothing,11/30/2023,Student,Rarely,1
1377,60 ,Female,Miami,Gold,40 ,843 ,Toys,8/23/2023,Engineer,Monthly,1
1380,46 ,Male,Los Angeles,Silver,54 ,195 ,Books,2/4/2023,Salesperson,Monthly,1
1381,38 ,Male,Chicago,Silver,68 ,1787 ,Clothing,10/28/2023,Other,Rarely,0
1382,36 ,Male,Houston,Bronze,57 ,3567 ,Electronics,8/25/2023,Engineer,Weekly,1
1385,53 ,Male,New York,Silver,46 ,724 ,Toys,9/14/2023,Doctor,Daily,0
1386,37 ,Female,Los Angeles,Platinum,91 ,2632 ,Electronics,5/20/2023,Salesperson,Monthly,0
1387,,Male,Miami,Gold,,,,12/30/2023,Teacher,Weekly,0
1388,26 ,Female,Chicago,Silver,98 ,503 ,Toys,10/3/2023,Engineer,Rarely,1
1390,23 ,Other,New York,Bronze,6 ,824 ,Toys,9/15/2023,Salesperson,Rarely,1
1391,18 ,Female,Miami,Gold,31 ,954 ,Toys,3/24/2023,Teacher,Weekly,0
1392,26 ,Male,Chicago,Bronze,59 ,306 ,Books,3/4/2023,Student,Weekly,0
1393,33 ,Male,Chicago,Gold,69 ,879 ,Toys,6/27/2023,Student,Daily,0
1394,33 ,Female,Miami,Platinum,60 ,286 ,Books,7/11/2023,Other,Weekly,0
1395,29 ,Male,Los Angeles,Silver,33 ,1482 ,Sports,4/14/2023,Engineer,Daily,0
1396,22 ,Male,Seattle,Bronze,38 ,4667 ,Electronics,5/18/2023,Salesperson,Rarely,0
1398,46 ,Female,Los Angeles,Platinum,61 ,874 ,Sports,3/10/2023,Retired,Daily,0
1399,63 ,Male,Miami,Platinum,46 ,271 ,Books,10/10/2023,Engineer,Daily,0
1402,64 ,Male,Chicago,Silver,28 ,153 ,Books,2/24/2023,Salesperson,Daily,1
1403,67 ,Female,Seattle,Gold,30 ,69 ,Books,7/26/2023,Doctor,Rarely,1
1404,45 ,Male,Seattle,Silver,73 ,97 ,Books,6/7/2023,Other,Monthly,1
1405,69 ,Other,Miami,Silver,76 ,456 ,Books,7/26/2023,Doctor,Monthly,1
1406,53 ,Male,Chicago,Platinum,98 ,117 ,Books,9/14/2023,Retired,Rarely,0
1407,59 ,Female,Chicago,Gold,79 ,2383 ,Home Goods,1/16/2023,Teacher,Weekly,1
1409,52 ,Male,Seattle,Silver,12 ,312 ,Sports,9/11/2023,Other,Monthly,0
1410,69 ,Female,Los Angeles,Platinum,75 ,890 ,Toys,9/1/2023,Student,Monthly,0
1412,61 ,Male,New York,Platinum,33 ,250 ,Sports,7/17/2023,Retired,Daily,0
1415,41 ,Other,Miami,Platinum,71 ,395 ,Sports,2/28/2023,Salesperson,Weekly,0
1416,19 ,Male,Houston,Gold,31 ,668 ,Clothing,12/8/2023,Retired,Weekly,0
1417,24 ,Male,Seattle,Bronze,23 ,2096 ,Electronics,1/31/2023,Artist,Monthly,1
1418,60 ,Female,New York,Platinum,76 ,1734 ,Clothing,1/9/2023,Other,Monthly,1
1419,66 ,Female,Chicago,Silver,36 ,1523 ,Electronics,3/7/2023,Engineer,Monthly,1
1420,48 ,Female,Miami,Platinum,85 ,514 ,Toys,4/20/2023,Student,Rarely,1
1421,34 ,Female,Houston,Gold,69 ,3119 ,Electronics,9/22/2023,Retired,Monthly,0
1422,44 ,Male,Los Angeles,Silver,64 ,63 ,Books,9/7/2023,Retired,Monthly,0
1424,67 ,Other,Chicago,Platinum,50 ,2625 ,Electronics,2/19/2023,Salesperson,Weekly,0
1426,27 ,Female,Seattle,Gold,64 ,1249 ,Clothing,4/2/2023,Doctor,Daily,0
1429,24 ,Male,Houston,Platinum,84 ,137 ,Books,6/7/2023,Teacher,Daily,0
1430,56 ,Other,Miami,Platinum,91 ,263 ,Books,3/13/2023,Doctor,Rarely,0
1431,57 ,Other,Houston,Platinum,27 ,1727 ,Clothing,1/27/2023,Salesperson,Daily,0
1433,31 ,Other,Houston,Gold,51 ,617 ,Toys,5/7/2023,Student,Rarely,1
1434,25 ,Other,New York,Platinum,96 ,3056 ,Electronics,5/17/2023,Teacher,Rarely,0
1435,34 ,Other,New York,Silver,95 ,135 ,Toys,2/9/2023,Teacher,Weekly,0
1437,33 ,Male,Houston,Gold,72 ,141 ,Books,11/30/2023,Retired,Rarely,0
1438,43 ,Other,Seattle,Platinum,57 ,1989 ,Home Goods,2/10/2023,Other,Daily,0
1439,26 ,Other,New York,Silver,36 ,329 ,Books,5/10/2023,Artist,Weekly,0
1440,53 ,Other,Seattle,Silver,74 ,3771 ,Electronics,12/12/2023,Artist,Weekly,0
1441,24 ,Other,Chicago,Gold,93 ,988 ,Home Goods,10/14/2023,Student,Monthly,1
1443,25 ,Other,New York,Silver,49 ,341 ,Books,11/15/2023,Doctor,Monthly,1
1444,38 ,Female,New York,Bronze,72 ,519 ,Clothing,11/28/2023,Retired,Weekly,0
1445,43 ,Female,Miami,Platinum,68 ,3257 ,Electronics,12/26/2023,Engineer,Daily,1
1447,34 ,Female,New York,Silver,63 ,1530 ,Clothing,4/13/2023,Retired,Rarely,1
1448,68 ,Male,Miami,Silver,73 ,4614 ,Electronics,10/21/2023,Teacher,Monthly,0
1450,41 ,Female,Chicago,Gold,6 ,2740 ,Home Goods,6/14/2023,Salesperson,Monthly,0
1451,42 ,Female,New York,Platinum,98 ,3721 ,Electronics,6/10/2023,Engineer,Daily,0
1452,22 ,Male,Miami,Silver,56 ,836 ,Toys,11/26/2023,Student,Weekly,0
1454,62 ,Female,New York,Silver,47 ,811 ,Home Goods,9/13/2023,Student,Daily,1
1455,67 ,Female,New York,Silver,39 ,830 ,Toys,9/5/2023,Engineer,Monthly,1
1456,41 ,Male,New York,Bronze,50 ,4412 ,Electronics,2/9/2023,Salesperson,Daily,1
1458,43 ,Female,Miami,Gold,66 ,3248 ,Electronics,2/28/2023,Other,Monthly,0
1464,47 ,Male,Los Angeles,Platinum,12 ,369 ,Books,5/21/2023,Retired,Daily,1
1466,69 ,Other,Seattle,Bronze,11 ,3444 ,Electronics,11/3/2023,Teacher,Daily,0
1468,40 ,Male,Seattle,Silver,15 ,992 ,Clothing,2/24/2023,Salesperson,Rarely,1
1471,67 ,Other,Los Angeles,Bronze,30 ,856 ,Toys,12/10/2023,Retired,Weekly,1
1474,37 ,Female,Miami,Bronze,80 ,149 ,Books,11/18/2023,Other,Weekly,1
1476,35 ,Female,Miami,Gold,33 ,680 ,Toys,1/31/2023,Engineer,Monthly,0
1477,38 ,Female,Seattle,Bronze,24 ,4978 ,Electronics,12/8/2023,Artist,Weekly,0
1479,21 ,Male,Miami,Platinum,7 ,864 ,Toys,6/1/2023,Retired,Weekly,0
1481,19 ,Male,Los Angeles,Gold,66 ,266 ,Books,2/4/2023,Student,Daily,0
1482,38 ,Other,Houston,Platinum,76 ,444 ,Sports,4/15/2023,Retired,Rarely,0
1483,54 ,Other,New York,Bronze,88 ,1444 ,Home Goods,12/25/2023,Teacher,Rarely,1
1484,,Female,Houston,Bronze,,,,6/2/2023,Other,Weekly,0
1485,34 ,Female,Los Angeles,Gold,41 ,998 ,Electronics,8/10/2023,Other,Monthly,1
1486,66 ,Other,Seattle,Bronze,61 ,653 ,Clothing,1/6/2023,Retired,Weekly,1
1488,28 ,Female,Houston,Platinum,13 ,2294 ,Electronics,8/27/2023,Artist,Daily,0
1489,63 ,Other,Los Angeles,Platinum,36 ,348 ,Toys,2/8/2023,Salesperson,Rarely,0
1490,58 ,Male,Los Angeles,Silver,63 ,99 ,Books,11/12/2023,Artist,Weekly,1
1492,45 ,Female,Miami,Silver,63 ,989 ,Home Goods,3/15/2023,Doctor,Daily,1
1493,61 ,Male,Seattle,Silver,59 ,1845 ,Clothing,8/17/2023,Engineer,Daily,0
1494,49 ,Female,Miami,Silver,77 ,603 ,Sports,1/29/2023,Salesperson,Rarely,1
1496,24 ,Male,Houston,Silver,1 ,178 ,Sports,2/6/2023,Salesperson,Rarely,0
1497,27 ,Female,New York,Platinum,2 ,2113 ,Home Goods,5/16/2023,Teacher,Weekly,0
1499,65 ,Female,Houston,Platinum,78 ,1331 ,Sports,6/21/2023,Other,Daily,0
1500,53 ,Female,Chicago,Gold,91 ,954 ,Home Goods,2/11/2023,Engineer,Monthly,1
